0,1
10473,The_Bonfire_of_the_Vanities_(film)
449,The_'Burbs
12021,Volunteers_(film)
14491,The_Shawshank_Redemption
449,The_'Burbs
12823,The_Money_Pit
12095,Apollo_13_(film)
7107,The_People_vs._Larry_Flynt
13336,Forrest_Gump
11226,Groundhog_Day_(film)
2524,Splash_(film)
8369,That_Thing_You_Do!
10421,Midnight_Run
1387,Nothing_in_Common
8731,A_League_of_Their_Own
1718,Waking_the_Dead_(film)
1108,You've_Got_Mail
1108,You've_Got_Mail
10571,Super_Mario_Bros._(film)
12095,Apollo_13_(film)
7202,Philadelphia_(film)
10092,Edward_Scissorhands
1387,Nothing_in_Common
10473,The_Bonfire_of_the_Vanities_(film)
10393,Tarzan_(1999_film)
449,The_'Burbs
8369,That_Thing_You_Do!
2730,2001:_A_Space_Odyssey_(film)
7073,Harvey_(film)
8369,That_Thing_You_Do!
1108,You've_Got_Mail
12823,The_Money_Pit
12823,The_Money_Pit
11756,Bachelor_Party_(1984_film)
5892,Return_with_Honor
8215,Sleepless_in_Seattle
8369,That_Thing_You_Do!
2022,The_Shop_Around_the_Corner
9171,Toy_Story_2
2451,Star_Trek:_First_Contact
2524,Splash_(film)
12021,Volunteers_(film)
5770,Grace_of_My_Heart
8369,That_Thing_You_Do!
12021,Volunteers_(film)
8731,A_League_of_Their_Own
8215,Sleepless_in_Seattle
8731,A_League_of_Their_Own
318,What_Lies_Beneath
2011,The_Remains_of_the_Day_(film)
11756,Bachelor_Party_(1984_film)
11086,Saving_Private_Ryan
11086,Saving_Private_Ryan
13336,Forrest_Gump
5933,The_Truman_Show
7242,Nixon_(film)
13491,The_Celluloid_Closet
12714,Flashdance
1120,The_Green_Mile_(film)
11756,Bachelor_Party_(1984_film)
1387,Nothing_in_Common
7202,Philadelphia_(film)
12095,Apollo_13_(film)
2998,Jacob's_Ladder_(film)
2022,The_Shop_Around_the_Corner
8215,Sleepless_in_Seattle
7202,Philadelphia_(film)
10473,The_Bonfire_of_the_Vanities_(film)
11086,Saving_Private_Ryan
1120,The_Green_Mile_(film)
1605,'Til_There_Was_You
2524,Splash_(film)
12573,An_Affair_to_Remember
9171,Toy_Story_2
14278,Spaceballs
"(1976, 'Raging_Bull')","(9173, 'Cape_Fear_(1991_film)')"
"(1976, 'Raging_Bull')","(9173, 'Cape_Fear_(1991_film)')"
"(1976, 'Raging_Bull')","(9173, 'Cape_Fear_(1991_film)')"
"(1976, 'Raging_Bull')","(9173, 'Cape_Fear_(1991_film)')"
1976,Raging_Bull
9173,Cape_Fear_(1991_film)
1032,Awakenings
3662,Flawless_(1999_film)
371,The_Deer_Hunter
12434,The_Untouchables_(film)
12434,The_Untouchables_(film)
8331,We're_No_Angels_(1989_film)
4005,The_Goodbye_Girl
6739,Misery_(film)
8503,Casino_(film)
12714,Flashdance
5603,Angel_Heart
9376,First_Blood
4753,Brazil_(1985_film)
13728,Analyze_This
10295,Raiders_of_the_Lost_Ark
10437,The_Godfather_Part_II
8080,Marvin's_Room_(film)
13728,Analyze_This
7041,Goodfellas
5407,In_the_Line_of_Fire
4753,Brazil_(1985_film)
10264,Meet_the_Parents_(1992_film)
8194,Sleepers_(film)
1032,Awakenings
12881,Great_Expectations_(1998_film)
6588,The_Adventures_of_Rocky_and_Bullwinkle
6903,Once_Upon_a_Time_in_America
6588,The_Adventures_of_Rocky_and_Bullwinkle
10421,Midnight_Run
4783,Cop_Land
6255,"The_Good,_the_Bad_and_the_Ugly"
9654,Wag_the_Dog
3662,Flawless_(1999_film)
8331,We're_No_Angels_(1989_film)
7402,Do_the_Right_Thing
1490,The_Mission_(1986_film)
8080,Marvin's_Room_(film)
7041,Goodfellas
933,Ronin_(film)
1976,Raging_Bull
12873,Heat_(1995_film)
5417,A_Bronx_Tale
371,The_Deer_Hunter
3662,Flawless_(1999_film)
9654,Wag_the_Dog
2054,"Kiss_Me,_Guido"
9173,Cape_Fear_(1991_film)
10421,Midnight_Run
9654,Wag_the_Dog
14201,Jackie_Brown_(film)
85,The_Pope_of_Greenwich_Village
6903,Once_Upon_a_Time_in_America
807,Backdraft_(film)
1032,Awakenings
933,Ronin_(film)
10617,The_Usual_Suspects
4020,Dead_Ringers_(film)
12873,Heat_(1995_film)
1490,The_Mission_(1986_film)
4783,Cop_Land
3364,The_Thin_Red_Line_(1998_film)
14676,Magnum_Force
5417,A_Bronx_Tale
10437,The_Godfather_Part_II
7131,Glengarry_Glen_Ross_(film)
3461,Mary_Shelley's_Frankenstein_(film)
5407,In_the_Line_of_Fire
4783,Cop_Land
933,Ronin_(film)
12873,Heat_(1995_film)
8127,The_Last_Temptation_of_Christ_(film)
6903,Once_Upon_a_Time_in_America
2867,The_Fan_(1996_film)
8503,Casino_(film)
5603,Angel_Heart
10421,Midnight_Run
2373,Dick_Tracy_(1990_film)
3032,Aladdin_(1992_Disney_film)
6588,The_Adventures_of_Rocky_and_Bullwinkle
407,Full_Metal_Jacket
9173,Cape_Fear_(1991_film)
3662,Flawless_(1999_film)
7041,Goodfellas
2867,The_Fan_(1996_film)
10079,A_Bug's_Life
9654,Wag_the_Dog
1490,The_Mission_(1986_film)
13728,Analyze_This
5603,Angel_Heart
8503,Casino_(film)
10437,The_Godfather_Part_II
12881,Great_Expectations_(1998_film)
2867,The_Fan_(1996_film)
3443,Tender_Mercies
3461,Mary_Shelley's_Frankenstein_(film)
807,Backdraft_(film)
371,The_Deer_Hunter
12434,The_Untouchables_(film)
4515,Any_Given_Sunday
5417,A_Bronx_Tale
3080,Good_Will_Hunting
13694,Titanic_(1997_film)
3360,The_Beach_(film)
13694,Titanic_(1997_film)
6990,Notting_Hill_(film)
14627,The_Man_in_the_Iron_Mask_(1998_film)
355,Batman_Forever
3732,What's_Eating_Gilbert_Grape
8080,Marvin's_Room_(film)
1013,Celebrity_(film)
13694,Titanic_(1997_film)
3732,What's_Eating_Gilbert_Grape
13691,Blood_Diamond_(film)
8821,Total_Eclipse_(film)
3360,The_Beach_(film)
1013,Celebrity_(film)
3360,The_Beach_(film)
3364,The_Thin_Red_Line_(1998_film)
13691,Blood_Diamond_(film)
8821,Total_Eclipse_(film)
14627,The_Man_in_the_Iron_Mask_(1998_film)
11030,Batman_&_Robin_(film)
10689,The_Quick_and_the_Dead_(1995_film)
1604,Caligula_(film)
13418,The_Basketball_Diaries_(film)
8821,Total_Eclipse_(film)
13418,The_Basketball_Diaries_(film)
13691,Blood_Diamond_(film)
12203,The_Maltese_Falcon_(1941_film)
11597,Three_Days_of_the_Condor
2505,The_NeverEnding_Story_(film)
10689,The_Quick_and_the_Dead_(1995_film)
8080,Marvin's_Room_(film)
9391,Poison_Ivy_(1992_film)
12215,The_Talented_Mr._Ripley_(film)
3732,What's_Eating_Gilbert_Grape
13418,The_Basketball_Diaries_(film)
2099,The_Insider_(film)
1013,Celebrity_(film)
8080,Marvin's_Room_(film)
10689,The_Quick_and_the_Dead_(1995_film)
11050,Boogie_Nights
8670,American_Psycho_(film)
14627,The_Man_in_the_Iron_Mask_(1998_film)
6991,Amistad_(film)
13271,Kiss_the_Girls_(film)
5744,Chain_Reaction_(film)
11147,The_Dark_Knight_(film)
6991,Amistad_(film)
3343,Moll_Flanders_(1996_film)
1098,Outbreak_(film)
11147,The_Dark_Knight_(film)
1767,Glory_(1989_film)
8552,Deep_Impact_(film)
5461,Nurse_Betty
254,Hurricane_Streets
2337,Hard_Rain_(film)
1767,Glory_(1989_film)
8552,Deep_Impact_(film)
7214,Robin_Hood:_Prince_of_Thieves
12819,The_Last_Detail
14491,The_Shawshank_Redemption
9264,Unforgiven
5229,Ben-Hur_(1959_film)
7214,Robin_Hood:_Prince_of_Thieves
2277,The_Pawnbroker_(film)
1767,Glory_(1989_film)
4876,Seven_(1995_film)
3343,Moll_Flanders_(1996_film)
2277,The_Pawnbroker_(film)
8638,Armageddon_(1998_film)
5744,Chain_Reaction_(film)
10473,The_Bonfire_of_the_Vanities_(film)
1098,Outbreak_(film)
2337,Hard_Rain_(film)
7214,Robin_Hood:_Prince_of_Thieves
8552,Deep_Impact_(film)
4876,Seven_(1995_film)
1431,Rocky_III
4876,Seven_(1995_film)
14491,The_Shawshank_Redemption
5461,Nurse_Betty
10473,The_Bonfire_of_the_Vanities_(film)
5461,Nurse_Betty
9264,Unforgiven
3343,Moll_Flanders_(1996_film)
7073,Harvey_(film)
9030,Almost_Heroes
5093,Ace_Ventura:_Pet_Detective
4818,Austin_Powers:_International_Man_of_Mystery
9922,Dumb_and_Dumber
10207,Man_on_the_Moon_(film)
11803,Jurassic_Park_(film)
9053,Simon_Birch
6774,Ace_Ventura:_When_Nature_Calls
10207,Man_on_the_Moon_(film)
9922,Dumb_and_Dumber
10207,Man_on_the_Moon_(film)
355,Batman_Forever
6188,The_Little_Mermaid_(1989_film)
5394,A_Christmas_Carol_(2009_film)
2574,Santa_Claus_Conquers_the_Martians
5933,The_Truman_Show
6774,Ace_Ventura:_When_Nature_Calls
10092,Edward_Scissorhands
5093,Ace_Ventura:_Pet_Detective
5093,Ace_Ventura:_Pet_Detective
713,Peggy_Sue_Got_Married
505,Tommy_Boy
5394,A_Christmas_Carol_(2009_film)
6774,Ace_Ventura:_When_Nature_Calls
355,Batman_Forever
5933,The_Truman_Show
9053,Simon_Birch
713,Peggy_Sue_Got_Married
14674,Ferris_Bueller's_Day_Off
4869,Cobb_(film)
5394,A_Christmas_Carol_(2009_film)
9922,Dumb_and_Dumber
6436,Shakes_the_Clown
6599,The_Wedding_Singer
880,Dirty_Work_(1998_film)
8776,Big_Daddy_(1999_film)
8428,Bulletproof_(1996_film)
11665,The_Waterboy
14240,Billy_Madison
12913,Very_Bad_Things
8535,Bicentennial_Man_(film)
8893,Happy_Gilmore
6599,The_Wedding_Singer
11665,The_Waterboy
11665,The_Waterboy
8776,Big_Daddy_(1999_film)
8893,Happy_Gilmore
6599,The_Wedding_Singer
5156,Airheads
8428,Bulletproof_(1996_film)
2047,Deuce_Bigalow:_Male_Gigolo
880,Dirty_Work_(1998_film)
8776,Big_Daddy_(1999_film)
8893,Happy_Gilmore
6436,Shakes_the_Clown
2047,Deuce_Bigalow:_Male_Gigolo
10453,I_Now_Pronounce_You_Chuck_and_Larry
8776,Big_Daddy_(1999_film)
7073,Harvey_(film)
7025,Coneheads_(film)
8428,Bulletproof_(1996_film)
7025,Coneheads_(film)
14240,Billy_Madison
8776,Big_Daddy_(1999_film)
2817,Jakob_the_Liar
5156,Airheads
14240,Billy_Madison
7155,Beloved_(film)
8893,Happy_Gilmore
10003,Man_of_Steel_(film)
7409,Insomnia_(1997_film)
2730,2001:_A_Space_Odyssey_(film)
11147,The_Dark_Knight_(film)
5445,Superman_(1978_film)
6726,Star_Wars_(film)
12770,The_Man_Who_Would_Be_King_(film)
5603,Angel_Heart
9830,For_All_Mankind
5664,Reds_(film)
12873,Heat_(1995_film)
13542,Dark_City_(1998_film)
7582,Blade_Runner
6726,Star_Wars_(film)
7380,Chinatown_(1974_film)
10003,Man_of_Steel_(film)
3364,The_Thin_Red_Line_(1998_film)
239,Koyaanisqatsi
8185,Lawrence_of_Arabia_(film)
11147,The_Dark_Knight_(film)
7582,Blade_Runner
5364,Breakfast_at_Tiffany's_(film)
6847,Batman:_Mask_of_the_Phantasm
13025,12_Angry_Men_(1957_film)
7409,Insomnia_(1997_film)
11147,The_Dark_Knight_(film)
11030,Batman_&_Robin_(film)
14273,Source_Code
4059,On_Her_Majesty's_Secret_Service_(film)
10003,Man_of_Steel_(film)
14294,Terminator_Salvation
8670,American_Psycho_(film)
3360,The_Beach_(film)
1549,Swing_Kids_(film)
9290,The_Portrait_of_a_Lady_(film)
1549,Swing_Kids_(film)
5145,Newsies
8670,American_Psycho_(film)
10704,Batman_(1989_film)
9036,The_Secret_Agent_(film)
12034,Pocahontas_(1995_film)
1549,Swing_Kids_(film)
8639,Shaft_(2000_film)
8639,Shaft_(2000_film)
8670,American_Psycho_(film)
3197,Henry_V_(1989_film)
355,Batman_Forever
10054,Velvet_Goldmine
12034,Pocahontas_(1995_film)
5145,Newsies
5145,Newsies
11030,Batman_&_Robin_(film)
8639,Shaft_(2000_film)
10054,Velvet_Goldmine
12034,Pocahontas_(1995_film)
3197,Henry_V_(1989_film)
1976,Raging_Bull
5145,Newsies
9531,Little_Women_(1994_film)
3197,Henry_V_(1989_film)
1303,A_Midsummer_Night's_Dream_(1999_film)
9531,Little_Women_(1994_film)
1303,A_Midsummer_Night's_Dream_(1999_film)
14294,Terminator_Salvation
1085,Howl's_Moving_Castle_(film)
11147,The_Dark_Knight_(film)
1303,A_Midsummer_Night's_Dream_(1999_film)
1085,Howl's_Moving_Castle_(film)
10054,Velvet_Goldmine
11147,The_Dark_Knight_(film)
14294,Terminator_Salvation
9531,Little_Women_(1994_film)
9268,Fletch_(film)
8135,Heathers
13826,Kalifornia
14601,Seven_Years_in_Tibet_(1997_film)
4876,Seven_(1995_film)
2966,Meet_Joe_Black
4028,Legends_of_the_Fall
5271,The_Three_Musketeers_(1993_film)
14601,Seven_Years_in_Tibet_(1997_film)
14132,The_Specialist
12095,Apollo_13_(film)
2601,A_River_Runs_Through_It_(film)
3080,Good_Will_Hunting
11593,No_Way_Out_(1987_film)
5633,The_Chamber_(film)
7969,A_Beautiful_Mind_(film)
14601,Seven_Years_in_Tibet_(1997_film)
14680,True_Romance
11618,12_Monkeys
145,The_Time_Traveler's_Wife_(film)
4028,Legends_of_the_Fall
3364,The_Thin_Red_Line_(1998_film)
8194,Sleepers_(film)
2601,A_River_Runs_Through_It_(film)
4073,Living_in_Oblivion
2601,A_River_Runs_Through_It_(film)
4876,Seven_(1995_film)
14491,The_Shawshank_Redemption
4876,Seven_(1995_film)
2966,Meet_Joe_Black
6807,Fight_Club
11452,Duets_(film)
14680,True_Romance
14680,True_Romance
2966,Meet_Joe_Black
13460,Interview_with_the_Vampire:_The_Vampire_Chronicles
4028,Legends_of_the_Fall
963,The_Mummy_(1999_film)
13826,Kalifornia
11618,12_Monkeys
6807,Fight_Club
3836,Sleepy_Hollow_(film)
7066,Being_John_Malkovich
13826,Kalifornia
12723,The_Day_the_Earth_Stood_Still_(2008_film)
2861,Bram_Stoker's_Dracula
12283,The_Replacements_(film)
12723,The_Day_the_Earth_Stood_Still_(2008_film)
7969,A_Beautiful_Mind_(film)
10738,Parenthood_(film)
1707,The_Matrix_(franchise)
6943,Rebel_Without_a_Cause
12575,Even_Cowgirls_Get_the_Blues_(film)
10506,Speed_(1994_film)
11157,Little_Buddha
5296,The_Last_Time_I_Committed_Suicide
1707,The_Matrix_(franchise)
3046,The_Devil's_Advocate_(1997_film)
5296,The_Last_Time_I_Committed_Suicide
12283,The_Replacements_(film)
8078,My_Own_Private_Idaho
10506,Speed_(1994_film)
4669,Feeling_Minnesota
12216,Dangerous_Liaisons
12575,Even_Cowgirls_Get_the_Blues_(film)
12283,The_Replacements_(film)
12402,Johnny_Mnemonic_(film)
5744,Chain_Reaction_(film)
4669,Feeling_Minnesota
5744,Chain_Reaction_(film)
12723,The_Day_the_Earth_Stood_Still_(2008_film)
11157,Little_Buddha
12216,Dangerous_Liaisons
5297,A_Walk_in_the_Clouds
10738,Parenthood_(film)
12216,Dangerous_Liaisons
12402,Johnny_Mnemonic_(film)
8078,My_Own_Private_Idaho
9999,Cutthroat_Island
5297,A_Walk_in_the_Clouds
14698,Much_Ado_About_Nothing_(1993_film)
509,Poetic_Justice_(film)
12575,Even_Cowgirls_Get_the_Blues_(film)
12402,Johnny_Mnemonic_(film)
4669,Feeling_Minnesota
509,Poetic_Justice_(film)
10300,Speed_2:_Cruise_Control
5297,A_Walk_in_the_Clouds
10738,Parenthood_(film)
11157,Little_Buddha
5296,The_Last_Time_I_Committed_Suicide
14698,Much_Ado_About_Nothing_(1993_film)
2861,Bram_Stoker's_Dracula
2861,Bram_Stoker's_Dracula
1707,The_Matrix_(franchise)
3046,The_Devil's_Advocate_(1997_film)
14698,Much_Ado_About_Nothing_(1993_film)
5744,Chain_Reaction_(film)
10300,Speed_2:_Cruise_Control
8078,My_Own_Private_Idaho
6810,Bad_Boys_(1995_film)
6810,Bad_Boys_(1995_film)
9268,Fletch_(film)
13836,Men_in_Black_(film)
4363,Shaft_(1971_film)
7828,Swiss_Family_Robinson_(1960_film)
3074,Austin_Powers:_The_Spy_Who_Shagged_Me
10393,Tarzan_(1999_film)
4508,Enemy_of_the_State_(film)
4508,Enemy_of_the_State_(film)
13534,Wild_Wild_West
13534,Wild_Wild_West
11359,Friends_with_Benefits_(film)
13836,Men_in_Black_(film)
2377,Six_Degrees_of_Separation_(film)
4508,Enemy_of_the_State_(film)
6810,Bad_Boys_(1995_film)
13836,Men_in_Black_(film)
2377,Six_Degrees_of_Separation_(film)
14092,The_Omega_Man
31,Star_Trek:_Insurrection
2377,Six_Degrees_of_Separation_(film)
11803,Jurassic_Park_(film)
1691,Nutty_Professor_II:_The_Klumps
11507,The_Big_Kahuna_(film)
1718,Waking_the_Dead_(film)
12651,Midnight_in_the_Garden_of_Good_and_Evil_(film)
7131,Glengarry_Glen_Ross_(film)
10003,Man_of_Steel_(film)
7131,Glengarry_Glen_Ross_(film)
13785,Babe_(film)
10079,A_Bug's_Life
4486,The_Ref
12651,Midnight_in_the_Garden_of_Good_and_Evil_(film)
1116,A_Time_to_Kill_(1996_film)
5485,Galaxy_Quest
13718,Inherit_the_Wind_(1960_film)
7131,Glengarry_Glen_Ross_(film)
10131,Hurlyburly_(film)
1658,Albino_Alligator
5159,L.A._Confidential_(film)
10617,The_Usual_Suspects
10617,The_Usual_Suspects
10131,Hurlyburly_(film)
4179,The_Negotiator
10617,The_Usual_Suspects
4486,The_Ref
1098,Outbreak_(film)
1658,Albino_Alligator
1948,Hercules_(1997_film)
1098,Outbreak_(film)
12505,Anchors_Aweigh_(film)
4876,Seven_(1995_film)
13041,Swimming_with_Sharks
12651,Midnight_in_the_Garden_of_Good_and_Evil_(film)
1098,Outbreak_(film)
12095,Apollo_13_(film)
11618,12_Monkeys
4486,The_Ref
5159,L.A._Confidential_(film)
10079,A_Bug's_Life
10131,Hurlyburly_(film)
10079,A_Bug's_Life
4876,Seven_(1995_film)
9386,Looking_for_Richard
11507,The_Big_Kahuna_(film)
1116,A_Time_to_Kill_(1996_film)
13041,Swimming_with_Sharks
11211,Heartburn_(film)
3300,Working_Girl
4179,The_Negotiator
11507,The_Big_Kahuna_(film)
12651,Midnight_in_the_Garden_of_Good_and_Evil_(film)
1658,Albino_Alligator
13041,Swimming_with_Sharks
9386,Looking_for_Richard
13100,Tron:_Legacy
6831,The_Lord_of_the_Rings:_The_Two_Towers
8650,Tin_Men
7250,Forever_Young_(1992_film)
1648,Flipper_(1996_film)
12999,North_(1994_film)
650,The_War_(1994_film)
2762,The_Faculty
1064,The_Ice_Storm_(film)
6779,The_Patriot_(2000_film)
4254,Black_and_White_(1999_drama_film)
2762,The_Faculty
4254,Black_and_White_(1999_drama_film)
5011,Back_to_the_Future_Part_II
8552,Deep_Impact_(film)
8552,Deep_Impact_(film)
12999,North_(1994_film)
4254,Black_and_White_(1999_drama_film)
8552,Deep_Impact_(film)
1491,Sin_City_(film)
7250,Forever_Young_(1992_film)
1064,The_Ice_Storm_(film)
2762,The_Faculty
12035,Grindhouse_(film)
1648,Flipper_(1996_film)
10171,Tom_and_Huck
5011,Back_to_the_Future_Part_II
7250,Forever_Young_(1992_film)
650,The_War_(1994_film)
12999,North_(1994_film)
1648,Flipper_(1996_film)
1064,The_Ice_Storm_(film)
6831,The_Lord_of_the_Rings:_The_Two_Towers
1491,Sin_City_(film)
650,The_War_(1994_film)
1491,Sin_City_(film)
7969,A_Beautiful_Mind_(film)
11671,The_Secret_Garden_(1993_film)
8096,Dead_Man_Walking_(film)
11671,The_Secret_Garden_(1993_film)
14491,The_Shawshank_Redemption
2075,Courage_Under_Fire
4548,Passion_Fish
6079,The_Hudsucker_Proxy
5884,Miller's_Crossing
7536,Nineteen_Eighty-Four_(film)
12291,Kundun
12291,Kundun
6746,The_Long_Walk_Home
8901,Air_America_(film)
12291,Kundun
14491,The_Shawshank_Redemption
6746,The_Long_Walk_Home
6746,The_Long_Walk_Home
2114,Anywhere_but_Here_(film)
2452,Raising_Arizona
12134,The_Hurricane_(1999_film)
11671,The_Secret_Garden_(1993_film)
8096,Dead_Man_Walking_(film)
2075,Courage_Under_Fire
8096,Dead_Man_Walking_(film)
12134,The_Hurricane_(1999_film)
4548,Passion_Fish
5411,Sid_and_Nancy
7969,A_Beautiful_Mind_(film)
7536,Nineteen_Eighty-Four_(film)
13259,The_Big_Lebowski
14491,The_Shawshank_Redemption
8920,Blood_Simple
4548,Passion_Fish
13259,The_Big_Lebowski
7536,Nineteen_Eighty-Four_(film)
5411,Sid_and_Nancy
12134,The_Hurricane_(1999_film)
13259,The_Big_Lebowski
8901,Air_America_(film)
7582,Blade_Runner
2075,Courage_Under_Fire
6079,The_Hudsucker_Proxy
5411,Sid_and_Nancy
8901,Air_America_(film)
2114,Anywhere_but_Here_(film)
7969,A_Beautiful_Mind_(film)
2114,Anywhere_but_Here_(film)
6079,The_Hudsucker_Proxy
6408,Mickey_Blue_Eyes
14649,Young_Guns_II
4005,The_Goodbye_Girl
12240,Joe's_Apartment
6303,Without_Limits
2920,Bronco_Billy
9450,Dancer_in_the_Dark
5592,White_Sands_(film)
10699,Strangers_on_a_Train_(film)
11671,The_Secret_Garden_(1993_film)
4764,Fire_Down_Below_(1997_film)
8908,Boiling_Point_(1993_film)
14275,Key_Largo_(film)
1323,The_Great_Race
4631,Grumpy_Old_Men_(film)
1597,Action_Jackson_(1988_film)
11751,Sphere_(1998_film)
7895,True_Crime_(1999_film)
13691,Blood_Diamond_(film)
5942,Michael_Collins_(film)
2203,Bait_(2000_film)
953,The_Hidden_(film)
10285,Stage_Fright_(1950_film)
12537,Wrongfully_Accused
8630,Bogus_(film)
8632,Copycat_(film)
2528,Stay_Tuned_(film)
13759,National_Lampoon's_European_Vacation
802,Addicted_to_Love_(film)
13098,A_Nightmare_on_Elm_Street_3:_Dream_Warriors
13178,Addams_Family_Reunion
2348,One_Flew_Over_the_Cuckoo's_Nest_(film)
14637,Teenage_Mutant_Ninja_Turtles_(1990_film)
12516,Jeremiah_Johnson_(film)
7522,Evil_Angels_(film)
6943,Rebel_Without_a_Cause
3971,Home_Fries_(film)
3030,Giant_(1956_film)
9219,Lethal_Weapon_2
13209,Police_Academy_3:_Back_in_Training
11735,Liberty_Heights
12547,Blazing_Saddles
10272,Barry_Lyndon
12983,Dog_Park_(film)
4170,Police_Academy_4:_Citizens_on_Patrol
14606,The_Pajama_Game_(film)
6028,Cats_Don't_Dance
12873,Heat_(1995_film)
5445,Superman_(1978_film)
13332,The_Clan_of_the_Cave_Bear_(film)
13799,Dave_(film)
3226,Extreme_Measures
9,Monty_Python's_Life_of_Brian
7438,Gilda_Live
10190,Cujo_(film)
6900,Get_Carter_(2000_film)
8913,Superman_II
4843,It_Takes_Two_(1995_film)
5163,Anna_Karenina_(1997_film)
11842,Payback_(1999_film)
7907,Tin_Cup
7582,Blade_Runner
5334,Eraser_(film)
6831,The_Lord_of_the_Rings:_The_Two_Towers
10326,City_of_Angels_(film)
4764,Fire_Down_Below_(1997_film)
10190,Cujo_(film)
4742,Aces:_Iron_Eagle_III
2876,Exorcist:_The_Beginning
2795,Police_Academy_6:_City_Under_Siege
14046,Dog_Day_Afternoon
4452,Thumbelina_(1994_film)
11430,American_Flyers
5515,Mildred_Pierce_(film)
1501,Night_Shift_(film)
14204,Empire_Records
705,The_Outsiders_(film)
9907,The_Client_(1994_film)
1677,Mad_Max
2278,Disclosure_(film)
8484,Surviving_Picasso
4742,Aces:_Iron_Eagle_III
13695,Burglar_(film)
9301,A_Perfect_World
12827,Deconstructing_Harry
12453,"Grandview,_U.S.A."
9740,Being_Human_(1994_film)
9907,The_Client_(1994_film)
13891,The_Exorcist_III
1805,Drop_Dead_Fred
8336,The_Outlaw_Josey_Wales
14228,Ready_to_Rumble
2550,Excalibur_(film)
1677,Mad_Max
6982,Mars_Attacks!
14022,Three_to_Tango
8981,The_Towering_Inferno
8981,The_Towering_Inferno
6287,Fearless_(1993_film)
6847,Batman:_Mask_of_the_Phantasm
8679,The_Right_Stuff_(film)
11243,Chariots_of_Fire
10852,Rosewood_(film)
13841,Gremlins
1490,The_Mission_(1986_film)
7853,Body_Heat
3770,Diabolique_(1996_film)
4768,Natural_Born_Killers
6584,Wyatt_Earp_(film)
165,Better_Off_Dead_(film)
10473,The_Bonfire_of_the_Vanities_(film)
677,Freddy's_Dead:_The_Final_Nightmare
8336,The_Outlaw_Josey_Wales
5681,Defending_Your_Life
2469,Beyond_the_Poseidon_Adventure
9303,The_Perfect_Storm_(film)
7404,Poison_Ivy_II:_Lily
7041,Goodfellas
10852,Rosewood_(film)
13098,A_Nightmare_on_Elm_Street_3:_Dream_Warriors
11147,The_Dark_Knight_(film)
2225,A_Nightmare_on_Elm_Street_(2010_film)
7666,Them!
728,Selena_(film)
11030,Batman_&_Robin_(film)
12468,Executive_Decision
3342,Mr._Wonderful_(film)
7292,Space_Cowboys
6831,The_Lord_of_the_Rings:_The_Two_Towers
12691,The_Whole_Nine_Yards_(film)
7827,Under_the_Rainbow
1120,The_Green_Mile_(film)
9264,Unforgiven
8516,Men_Don't_Leave
6483,Gremlins_2:_The_New_Batch
6749,Dangerous_Beauty
2104,Lethal_Weapon_4
4297,The_Treasure_of_the_Sierra_Madre_(film)
141,Jack_Frost_(1998_film)
3247,National_Lampoon's_Senior_Trip
355,Batman_Forever
12216,Dangerous_Liaisons
14680,True_Romance
4612,Bonnie_and_Clyde_(film)
8600,The_Pelican_Brief_(film)
931,Local_Hero
1501,Night_Shift_(film)
12652,Goodbye_Lover
2886,A_Dog_of_Flanders_(1999_film)
410,A_Nightmare_on_Elm_Street_2:_Freddy's_Revenge
9219,Lethal_Weapon_2
6903,Once_Upon_a_Time_in_America
12435,Next_Friday
8838,Malcolm_X_(1992_film)
608,X_the_Unknown
11246,Klute
11554,Major_League:_Back_to_the_Minors
6635,Gossip_(2000_American_film)
8318,Under_Siege
14294,Terminator_Salvation
5681,Defending_Your_Life
9301,A_Perfect_World
9156,Body_Snatchers_(1993_film)
7895,True_Crime_(1999_film)
14605,Friday_the_13th_(1980_film)
7438,Gilda_Live
7284,JFK_(film)
14637,Teenage_Mutant_Ninja_Turtles_(1990_film)
6671,Superman_IV:_The_Quest_for_Peace
837,Lethal_Weapon
1889,Arthur_(1981_film)
6774,Ace_Ventura:_When_Nature_Calls
10771,Sommersby
8913,Superman_II
4631,Grumpy_Old_Men_(film)
14232,Wild_America_(film)
6794,Rush_Hour_(1998_film)
11147,The_Dark_Knight_(film)
6671,Superman_IV:_The_Quest_for_Peace
4515,Any_Given_Sunday
1009,Silent_Fall
13534,Wild_Wild_West
728,Selena_(film)
8970,Demolition_Man_(film)
1179,Cool_Hand_Luke
10589,Pale_Rider
12742,Eyes_Wide_Shut
11907,Creepshow
9622,With_Honors_(film)
1522,The_Fugitive_(1993_film)
10771,Sommersby
11907,Creepshow
407,Full_Metal_Jacket
12332,Tango_(1998_film)
9264,Unforgiven
7214,Robin_Hood:_Prince_of_Thieves
12988,Badlands_(film)
4242,The_Very_Thought_of_You_(film)
13542,Dark_City_(1998_film)
12332,Tango_(1998_film)
14092,The_Omega_Man
9391,Poison_Ivy_(1992_film)
1179,Cool_Hand_Luke
9030,Almost_Heroes
6906,Quest_for_Camelot
11735,Liberty_Heights
10073,Cobra_(1986_film)
1108,You've_Got_Mail
10704,Batman_(1989_film)
7582,Blade_Runner
12873,Heat_(1995_film)
1108,You've_Got_Mail
4718,Who's_That_Girl_(1987_film)
12468,Executive_Decision
2201,Big_Bully_(film)
12988,Badlands_(film)
6635,Gossip_(2000_American_film)
14273,Source_Code
10492,Clara's_Heart
3350,Something_to_Talk_About_(film)
8879,Drop_Dead_Gorgeous_(film)
4013,Grumpier_Old_Men
6090,Deadly_Friend
12970,Heaven_&_Earth_(1993_film)
6090,Deadly_Friend
2876,Exorcist:_The_Beginning
12651,Midnight_in_the_Garden_of_Good_and_Evil_(film)
3350,Something_to_Talk_About_(film)
7544,The_Crimson_Pirate
14378,U.S._Marshals_(film)
9391,Poison_Ivy_(1992_film)
10058,McCabe_&_Mrs._Miller
13462,National_Lampoon's_Christmas_Vacation
14620,Singles_(1992_film)
5093,Ace_Ventura:_Pet_Detective
174,Hamlet_(1990_film)
13821,A_Clockwork_Orange_(film)
1165,Auntie_Mame_(film)
6794,Rush_Hour_(1998_film)
11430,American_Flyers
11246,Klute
13472,Exorcist_II:_The_Heretic
2550,Excalibur_(film)
13425,One_Eight_Seven
12219,Under_Siege_2:_Dark_Territory
10080,Space_Jam
2561,The_King_and_I_(1999_film)
9156,Body_Snatchers_(1993_film)
13153,Black_Beauty_(1994_film)
10746,The_Glimmer_Man
2360,Free_Willy_3:_The_Rescue
1889,Arthur_(1981_film)
2686,Risky_Business
10258,Final_Destination_2
12203,The_Maltese_Falcon_(1941_film)
3761,I_Confess_(film)
3046,The_Devil's_Advocate_(1997_film)
7372,The_Adventures_of_Pinocchio_(1996_film)
8879,Drop_Dead_Gorgeous_(film)
6392,Murder_at_1600
4001,Free_Willy
12566,The_Abominable_Snowman_(film)
7960,Mad_Max_Beyond_Thunderdome
7284,JFK_(film)
3109,The_Mosquito_Coast
2795,Police_Academy_6:_City_Under_Siege
13699,The_Postman_(film)
13124,Battlefield_Earth_(film)
3085,Shiloh_(film)
13513,Sesame_Street_Presents_Follow_That_Bird
5434,Chill_Factor_(film)
1159,The_Old_Man_and_the_Sea_(1958_film)
2360,Free_Willy_3:_The_Rescue
7907,Tin_Cup
4552,Stealing_Home
11380,Rope_(film)
1375,The_Last_of_the_Mohicans_(1992_film)
2505,The_NeverEnding_Story_(film)
3158,Wes_Craven's_New_Nightmare
407,Full_Metal_Jacket
6028,Cats_Don't_Dance
10144,Caddyshack_II
12566,The_Abominable_Snowman_(film)
1116,A_Time_to_Kill_(1996_film)
11081,Nothing_but_Trouble_(1991_film)
8516,Men_Don't_Leave
4843,It_Takes_Two_(1995_film)
10549,Air_Bud
8782,The_Big_Sleep_(1946_film)
12742,Eyes_Wide_Shut
1165,Auntie_Mame_(film)
12240,Joe's_Apartment
10704,Batman_(1989_film)
5159,L.A._Confidential_(film)
6303,Without_Limits
11243,Chariots_of_Fire
4170,Police_Academy_4:_Citizens_on_Patrol
13695,Burglar_(film)
5163,Anna_Karenina_(1997_film)
9922,Dumb_and_Dumber
10102,2010_(film)
7533,Mister_Roberts_(1955_film)
6079,The_Hudsucker_Proxy
8838,Malcolm_X_(1992_film)
13841,Gremlins
13267,A_Nightmare_on_Elm_Street_4:_The_Dream_Master
7250,Forever_Young_(1992_film)
4869,Cobb_(film)
13462,National_Lampoon's_Christmas_Vacation
2203,Bait_(2000_film)
3288,The_Saint_of_Fort_Washington
4205,Just_Cause_(film)
7037,Arsenic_and_Old_Lace_(film)
5445,Superman_(1978_film)
12602,Welcome_to_Sarajevo
752,Free_Willy_2:_The_Adventure_Home
5334,Eraser_(film)
3046,The_Devil's_Advocate_(1997_film)
1009,Silent_Fall
5578,"Corrina,_Corrina_(film)"
7666,Them!
5235,Vegas_Vacation
12602,Welcome_to_Sarajevo
14606,The_Pajama_Game_(film)
11025,The_Man_Who_Knew_Too_Little
12939,The_Killing_Fields_(film)
4233,Practical_Magic
11380,Rope_(film)
2309,One_Crazy_Summer
3837,Mr._Saturday_Night
6584,Wyatt_Earp_(film)
14228,Ready_to_Rumble
13153,Black_Beauty_(1994_film)
10258,Final_Destination_2
10715,Police_Academy_5:_Assignment_Miami_Beach
2886,A_Dog_of_Flanders_(1999_film)
11081,Nothing_but_Trouble_(1991_film)
10746,The_Glimmer_Man
7452,Network_(film)
12959,The_Iron_Giant
2686,Risky_Business
1733,Trial_by_Jury_(film)
6483,Gremlins_2:_The_New_Batch
14680,True_Romance
6706,Lethal_Weapon_3
1312,8_Seconds
11681,Three_Kings_(1999_film)
10209,My_Blue_Heaven_(1990_film)
14132,The_Specialist
3288,The_Saint_of_Fort_Washington
4869,Cobb_(film)
4242,The_Very_Thought_of_You_(film)
8630,Bogus_(film)
3313,The_New_Age_(film)
13267,A_Nightmare_on_Elm_Street_4:_The_Dream_Master
1120,The_Green_Mile_(film)
2225,A_Nightmare_on_Elm_Street_(2010_film)
6065,Heartbreak_Ridge
13699,The_Postman_(film)
13586,East_of_Eden_(film)
10326,City_of_Angels_(film)
1522,The_Fugitive_(1993_film)
355,Batman_Forever
3837,Mr._Saturday_Night
11965,Hairspray_(1988_film)
7533,Mister_Roberts_(1955_film)
7283,Assassins_(film)
881,Conspiracy_Theory_(film)
10854,Gypsy_(1962_film)
7522,Evil_Angels_(film)
9303,The_Perfect_Storm_(film)
12516,Jeremiah_Johnson_(film)
1707,The_Matrix_(franchise)
12691,The_Whole_Nine_Yards_(film)
13542,Dark_City_(1998_film)
11258,Teenage_Mutant_Ninja_Turtles_II:_The_Secret_of_the_Ooze
10473,The_Bonfire_of_the_Vanities_(film)
10058,McCabe_&_Mrs._Miller
141,Jack_Frost_(1998_film)
7283,Assassins_(film)
4702,The_Color_Purple_(film)
12939,The_Killing_Fields_(film)
356,Love_Affair_(1994_film)
11681,Three_Kings_(1999_film)
395,Fandango_(1985_film)
8679,The_Right_Stuff_(film)
9895,Beetlejuice
13425,One_Eight_Seven
14092,The_Omega_Man
10006,Best_in_Show_(film)
3313,The_New_Age_(film)
12530,The_Decline_of_Western_Civilization_Part_II:_The_Metal_Years
13534,Wild_Wild_West
14378,U.S._Marshals_(film)
2522,Mad_City_(film)
1707,The_Matrix_(franchise)
6079,The_Hudsucker_Proxy
13472,Exorcist_II:_The_Heretic
356,Love_Affair_(1994_film)
5235,Vegas_Vacation
931,Local_Hero
12651,Midnight_in_the_Garden_of_Good_and_Evil_(film)
2042,Who's_Afraid_of_Virginia_Woolf%3F_(film)
10363,Dial_M_for_Murder
9922,Dumb_and_Dumber
3228,Police_Academy_2:_Their_First_Assignment
7452,Network_(film)
13332,The_Clan_of_the_Cave_Bear_(film)
14676,Magnum_Force
13807,Boys_on_the_Side
410,A_Nightmare_on_Elm_Street_2:_Freddy's_Revenge
3745,Romeo_Must_Die
5339,My_Dog_Skip_(film)
11554,Major_League:_Back_to_the_Minors
10144,Caddyshack_II
10992,Casablanca_(film)
9277,Stand_and_Deliver
9471,Mike's_Murder
13891,The_Exorcist_III
2042,Who's_Afraid_of_Virginia_Woolf%3F_(film)
8318,Under_Siege
3178,Batman_Returns
13883,Friday_(1995_film)
9450,Dancer_in_the_Dark
837,Lethal_Weapon
10992,Casablanca_(film)
7214,Robin_Hood:_Prince_of_Thieves
12827,Deconstructing_Harry
14676,Magnum_Force
7116,Fair_Game_(1995_film)
4005,The_Goodbye_Girl
4196,Love_Jones_(film)
7372,The_Adventures_of_Pinocchio_(1996_film)
5592,White_Sands_(film)
4297,The_Treasure_of_the_Sierra_Madre_(film)
3030,Giant_(1956_film)
404,Pee-wee's_Big_Adventure
6392,Murder_at_1600
3085,Shiloh_(film)
8782,The_Big_Sleep_(1946_film)
5434,Chill_Factor_(film)
1312,8_Seconds
12203,The_Maltese_Falcon_(1941_film)
13586,East_of_Eden_(film)
12283,The_Replacements_(film)
11513,The_Candidate_(1972_film)
3827,Leatherface:_The_Texas_Chainsaw_Massacre_III
3745,Romeo_Must_Die
4718,Who's_That_Girl_(1987_film)
7292,Space_Cowboys
14185,The_Art_of_War_(film)
568,Mad_Max_2
11671,The_Secret_Garden_(1993_film)
2920,Bronco_Billy
5085,My_Fair_Lady_(film)
3663,A_Nightmare_on_Elm_Street_5:_The_Dream_Child
1795,A_Streetcar_Named_Desire_(1951_film)
11842,Payback_(1999_film)
6903,Once_Upon_a_Time_in_America
14275,Key_Largo_(film)
14273,Source_Code
4011,Hearts_and_Minds_(film)
3226,Extreme_Measures
13629,The_Curse_of_Frankenstein
9560,The_NeverEnding_Story_III
12652,Goodbye_Lover
1339,The_Stars_Fell_on_Henrietta
7960,Mad_Max_Beyond_Thunderdome
12283,The_Replacements_(film)
6789,Falling_Down
14185,The_Art_of_War_(film)
2201,Big_Bully_(film)
13883,Friday_(1995_film)
11513,The_Candidate_(1972_film)
12571,Twister_(1996_film)
13821,A_Clockwork_Orange_(film)
13178,Addams_Family_Reunion
12530,The_Decline_of_Western_Civilization_Part_II:_The_Metal_Years
4196,Love_Jones_(film)
10363,Dial_M_for_Murder
7544,The_Crimson_Pirate
2505,The_NeverEnding_Story_(film)
6789,Falling_Down
13124,Battlefield_Earth_(film)
9885,Tarzan_and_the_Lost_City_(film)
2309,One_Crazy_Summer
9277,Stand_and_Deliver
3971,Home_Fries_(film)
7827,Under_the_Rainbow
8316,The_NeverEnding_Story_II:_The_Next_Chapter
2348,One_Flew_Over_the_Cuckoo's_Nest_(film)
12288,The_Fiendish_Plot_of_Dr._Fu_Manchu
608,X_the_Unknown
12463,Tequila_Sunrise_(film)
2242,Dead_Calm_(film)
4121,Two_If_by_Sea
13807,Boys_on_the_Side
10699,Strangers_on_a_Train_(film)
4121,Two_If_by_Sea
8908,Boiling_Point_(1993_film)
10209,My_Blue_Heaven_(1990_film)
3802,Message_in_a_Bottle_(film)
6906,Quest_for_Camelot
10272,Barry_Lyndon
12435,Next_Friday
10102,2010_(film)
3761,I_Confess_(film)
13595,My_Fellow_Americans
4768,Natural_Born_Killers
12970,Heaven_&_Earth_(1993_film)
4997,Funny_Farm_(film)
14232,Wild_America_(film)
7404,Poison_Ivy_II:_Lily
2104,Lethal_Weapon_4
12547,Blazing_Saddles
14335,Why_Do_Fools_Fall_in_Love_(film)
6900,Get_Carter_(2000_film)
7037,Arsenic_and_Old_Lace_(film)
6133,The_Great_Santini
705,The_Outsiders_(film)
8921,Maverick_(film)
4179,The_Negotiator
10073,Cobra_(1986_film)
2278,Disclosure_(film)
3178,Batman_Returns
14204,Empire_Records
5578,"Corrina,_Corrina_(film)"
14620,Singles_(1992_film)
11025,The_Man_Who_Knew_Too_Little
11163,The_Avengers_(1998_film)
6408,Mickey_Blue_Eyes
3109,The_Mosquito_Coast
2151,Police_Academy_(film)
1339,The_Stars_Fell_on_Henrietta
5339,My_Dog_Skip_(film)
1098,Outbreak_(film)
2151,Police_Academy_(film)
13889,A_Face_in_the_Crowd_(film)
802,Addicted_to_Love_(film)
8921,Maverick_(film)
3247,National_Lampoon's_Senior_Trip
9885,Tarzan_and_the_Lost_City_(film)
14649,Young_Guns_II
4997,Funny_Farm_(film)
6749,Dangerous_Beauty
4452,Thumbelina_(1994_film)
3342,Mr._Wonderful_(film)
14335,Why_Do_Fools_Fall_in_Love_(film)
174,Hamlet_(1990_film)
14022,Three_to_Tango
5093,Ace_Ventura:_Pet_Detective
12983,Dog_Park_(film)
2522,Mad_City_(film)
12571,Twister_(1996_film)
5515,Mildred_Pierce_(film)
7065,The_Goonies
13728,Analyze_This
12463,Tequila_Sunrise_(film)
8484,Surviving_Picasso
11751,Sphere_(1998_film)
3770,Diabolique_(1996_film)
10285,Stage_Fright_(1950_film)
3228,Police_Academy_2:_Their_First_Assignment
4001,Free_Willy
11258,Teenage_Mutant_Ninja_Turtles_II:_The_Secret_of_the_Ooze
1159,The_Old_Man_and_the_Sea_(1958_film)
1490,The_Mission_(1986_film)
9030,Almost_Heroes
14132,The_Specialist
4702,The_Color_Purple_(film)
1805,Drop_Dead_Fred
3802,Message_in_a_Bottle_(film)
10080,Space_Jam
6982,Mars_Attacks!
4179,The_Negotiator
1597,Action_Jackson_(1988_film)
5159,L.A._Confidential_(film)
7250,Forever_Young_(1992_film)
14046,Dog_Day_Afternoon
14294,Terminator_Salvation
8316,The_NeverEnding_Story_II:_The_Next_Chapter
13513,Sesame_Street_Presents_Follow_That_Bird
12537,Wrongfully_Accused
13595,My_Fellow_Americans
3013,Freejack
1323,The_Great_Race
7116,Fair_Game_(1995_film)
11163,The_Avengers_(1998_film)
8600,The_Pelican_Brief_(film)
9,Monty_Python's_Life_of_Brian
10549,Air_Bud
4515,Any_Given_Sunday
6943,Rebel_Without_a_Cause
4013,Grumpier_Old_Men
9638,Richie_Rich_(film)
395,Fandango_(1985_film)
10854,Gypsy_(1962_film)
2105,The_Bridges_of_Madison_County_(film)
2242,Dead_Calm_(film)
6706,Lethal_Weapon_3
3058,Bad_Moon
10006,Best_in_Show_(film)
8952,The_Corruptor
568,Mad_Max_2
3013,Freejack
9638,Richie_Rich_(film)
5942,Michael_Collins_(film)
9622,With_Honors_(film)
404,Pee-wee's_Big_Adventure
13889,A_Face_in_the_Crowd_(film)
3058,Bad_Moon
6774,Ace_Ventura:_When_Nature_Calls
9895,Beetlejuice
8632,Copycat_(film)
10589,Pale_Rider
4233,Practical_Magic
12216,Dangerous_Liaisons
12222,The_Man_with_Two_Brains
11030,Batman_&_Robin_(film)
6287,Fearless_(1993_film)
752,Free_Willy_2:_The_Adventure_Home
5085,My_Fair_Lady_(film)
496,M._Butterfly_(film)
2561,The_King_and_I_(1999_film)
1795,A_Streetcar_Named_Desire_(1951_film)
12959,The_Iron_Giant
1375,The_Last_of_the_Mohicans_(1992_film)
14556,Teenage_Mutant_Ninja_Turtles_III
6065,Heartbreak_Ridge
165,Better_Off_Dead_(film)
2528,Stay_Tuned_(film)
7065,The_Goonies
9740,Being_Human_(1994_film)
14556,Teenage_Mutant_Ninja_Turtles_III
4552,Stealing_Home
7853,Body_Heat
13799,Dave_(film)
9560,The_NeverEnding_Story_III
4205,Just_Cause_(film)
14605,Friday_the_13th_(1980_film)
4612,Bonnie_and_Clyde_(film)
13691,Blood_Diamond_(film)
10492,Clara's_Heart
13728,Analyze_This
3158,Wes_Craven's_New_Nightmare
7041,Goodfellas
3827,Leatherface:_The_Texas_Chainsaw_Massacre_III
13759,National_Lampoon's_European_Vacation
4011,Hearts_and_Minds_(film)
12453,"Grandview,_U.S.A."
8952,The_Corruptor
8970,Demolition_Man_(film)
3663,A_Nightmare_on_Elm_Street_5:_The_Dream_Child
6847,Batman:_Mask_of_the_Phantasm
881,Conspiracy_Theory_(film)
1733,Trial_by_Jury_(film)
496,M._Butterfly_(film)
2469,Beyond_the_Poseidon_Adventure
12219,Under_Siege_2:_Dark_Territory
13629,The_Curse_of_Frankenstein
2105,The_Bridges_of_Madison_County_(film)
12222,The_Man_with_Two_Brains
13209,Police_Academy_3:_Back_in_Training
12288,The_Fiendish_Plot_of_Dr._Fu_Manchu
677,Freddy's_Dead:_The_Final_Nightmare
953,The_Hidden_(film)
11965,Hairspray_(1988_film)
9471,Mike's_Murder
6133,The_Great_Santini
1098,Outbreak_(film)
10715,Police_Academy_5:_Assignment_Miami_Beach
1116,A_Time_to_Kill_(1996_film)
6506,Children_of_a_Lesser_God
6836,Sabrina_(1954_film)
10295,Raiders_of_the_Lost_Ark
5085,My_Fair_Lady_(film)
10045,Pretty_in_Pink
9340,Doug's_1st_Movie
4796,Nobody's_Fool_(1994_film)
1605,'Til_There_Was_You
9859,Witness_(1985_film)
10614,Friday_the_13th_Part_2
14476,Stuart_Saves_His_Family
95,%22Crocodile%22_Dundee_II
5437,Body_Parts_(film)
3907,The_Babysitter
12718,Escape_from_L.A.
8662,Addams_Family_Values
13673,Pet_Sematary_(film)
4899,The_First_Wives_Club
2337,Hard_Rain_(film)
6687,The_Great_Moment_(1944_film)
5941,Double_Indemnity_(film)
10743,Mission:_Impossible_II
1560,Young_Sherlock_Holmes
1990,Snake_Eyes_(film)
10975,Friday_the_13th_Part_VIII:_Jason_Takes_Manhattan
3129,The_Naked_Gun:_From_the_Files_of_Police_Squad!
8552,Deep_Impact_(film)
2519,Jade_(film)
12714,Flashdance
7451,Indecent_Proposal
12714,Flashdance
11551,Footloose_(1984_film)
4636,Firewalker_(film)
4881,It_Happened_One_Night
6903,Once_Upon_a_Time_in_America
3836,Sleepy_Hollow_(film)
7625,Major_League_(film)
12005,The_Butcher's_Wife
3571,The_Godfather_Part_III
4796,Nobody's_Fool_(1994_film)
13694,Titanic_(1997_film)
7588,Drop_Zone_(film)
12728,Barefoot_in_the_Park_(film)
8662,Addams_Family_Values
97,Kids_in_the_Hall:_Brain_Candy
4570,Terms_of_Endearment
13694,Titanic_(1997_film)
14556,Teenage_Mutant_Ninja_Turtles_III
1057,Prophecy_(film)
4861,A_Place_in_the_Sun_(film)
13765,The_Man_Who_Knew_Too_Much_(1956_film)
7415,A_Smile_Like_Yours
11748,Flesh_and_Bone_(film)
8714,Harold_and_Maude
11238,The_Sound_of_Music_(film)
5784,Romeo_and_Juliet_(1968_film)
1663,Grease_(film)
3021,Star_Trek_II:_The_Wrath_of_Khan
5933,The_Truman_Show
14605,Friday_the_13th_(1980_film)
4292,Friday_the_13th_Part_VII:_The_New_Blood
13330,Event_Horizon_(film)
7609,The_Rainmaker_(1997_film)
4927,G.I._Blues
10967,Thomas_and_the_Magic_Railroad
1828,Ghost_(1990_film)
14077,The_Nutty_Professor
14556,Teenage_Mutant_Ninja_Turtles_III
759,Rosemary's_Baby_(film)
11086,Saving_Private_Ryan
4310,Conan_the_Barbarian_(1982_film)
10933,The_Great_Mouse_Detective
6836,Sabrina_(1954_film)
7609,The_Rainmaker_(1997_film)
585,Popeye_(1980_film)
14674,Ferris_Bueller's_Day_Off
3516,The_Wood
8188,Jennifer_8
5348,The_Firm_(1993_film)
7313,Dead_Again
10814,Serpico
5985,Children_of_the_Corn_II:_The_Final_Sacrifice
3177,Death_Wish_(film)
9711,Blue_Hawaii
10437,The_Godfather_Part_II
9300,Wayne's_World_2
4053,Puppet_Master_4
967,Dear_God_(film)
13183,The_Brady_Bunch_Movie
108,Rules_of_Engagement_(film)
691,Star_Trek_Generations
10029,I.Q._(film)
13588,True_Grit_(1969_film)
967,Dear_God_(film)
3363,Grease_2
8639,Shaft_(2000_film)
733,Roustabout_(film)
3817,Trading_Places
6355,Patriot_Games_(film)
6700,Friday_the_13th:_A_New_Beginning
106,Duck_Soup_(1933_film)
3732,What's_Eating_Gilbert_Grape
7410,Friday_the_13th:_The_Final_Chapter
7376,Airplane!
14077,The_Nutty_Professor
7177,Primal_Fear_(film)
11975,North_by_Northwest
10132,Innocents_of_Paris
7037,Arsenic_and_Old_Lace_(film)
9859,Witness_(1985_film)
3159,Wings_(1927_film)
947,Losing_Isaiah
6428,The_Palm_Beach_Story
1777,The_Original_Kings_of_Comedy
3534,A_Simple_Plan_(film)
291,The_War_of_the_Worlds_(1953_film)
13694,Titanic_(1997_film)
13330,Event_Horizon_(film)
947,Losing_Isaiah
8552,Deep_Impact_(film)
3424,The_Man_Who_Knew_Too_Much_(1934_film)
13892,Switchback_(film)
2544,Wonder_Boys_(film)
2106,American_Gigolo
218,Congo_(film)
7451,Indecent_Proposal
4332,Out_of_Sight_(1966_film)
5285,Psycho_(1960_film)
6506,Children_of_a_Lesser_God
2373,Dick_Tracy_(1990_film)
7313,Dead_Again
1455,Dead_Man_on_Campus
9134,The_Lost_Weekend_(film)
6290,Clueless_(film)
4570,Terms_of_Endearment
10136,Puppet_Master_5:_The_Final_Chapter
9137,The_Relic_(film)
5437,Body_Parts_(film)
732,The_Odd_Couple_II
11098,Madame_Butterfly_(1915_film)
14637,Teenage_Mutant_Ninja_Turtles_(1990_film)
4318,Eye_for_an_Eye_(1996_film)
585,Popeye_(1980_film)
10153,April_Fool's_Day_(1986_film)
10469,Star_Trek_V:_The_Final_Frontier
4053,Puppet_Master_4
4156,Indiana_Jones_and_the_Temple_of_Doom
427,Marathon_Man_(film)
10158,Bringing_Out_the_Dead
10295,Raiders_of_the_Lost_Ark
10286,Superstar_(1999_film)
11880,Runaway_Bride_(film)
9534,Road_Trip_(film)
9711,Blue_Hawaii
5301,Night_Falls_on_Manhattan
7940,Sabrina_(1995_film)
10437,The_Godfather_Part_II
9136,Trouble_in_Paradise_(film)
11966,The_Empire_Strikes_Back
6836,Sabrina_(1954_film)
9374,Sliding_Doors
11842,Payback_(1999_film)
10469,Star_Trek_V:_The_Final_Frontier
3356,Soapdish
5941,Double_Indemnity_(film)
759,Rosemary's_Baby_(film)
5664,Reds_(film)
6290,Clueless_(film)
13081,Lassie_(1994_film)
10246,Searching_for_Bobby_Fischer
12434,The_Untouchables_(film)
6355,Patriot_Games_(film)
14618,200_Cigarettes
4570,Terms_of_Endearment
2998,Jacob's_Ladder_(film)
13614,Nights_of_Cabiria
10975,Friday_the_13th_Part_VIII:_Jason_Takes_Manhattan
374,%22Crocodile%22_Dundee
5982,Seven_Days_in_May
12260,Heavy_Metal_(film)
5603,Angel_Heart
12889,North_Dallas_Forty
8919,The_Hunt_for_Red_October_(film)
9134,The_Lost_Weekend_(film)
7183,Bob_Roberts
505,Tommy_Boy
194,White_Christmas_(film)
8775,A_Very_Brady_Sequel
11597,Three_Days_of_the_Condor
9859,Witness_(1985_film)
12434,The_Untouchables_(film)
1777,The_Original_Kings_of_Comedy
7086,Stripes_(film)
8331,We're_No_Angels_(1989_film)
4401,Citizen_Kane
14695,Friday_the_13th_Part_VI:_Jason_Lives
13063,Funeral_in_Berlin_(film)
5301,Night_Falls_on_Manhattan
12451,For_Whom_the_Bell_Tolls_(film)
5285,Psycho_(1960_film)
7342,Blue_Chips
12718,Escape_from_L.A.
2267,The_Beautician_and_the_Beast
12215,The_Talented_Mr._Ripley_(film)
6167,Star_Trek_IV:_The_Voyage_Home
7183,Bob_Roberts
4292,Friday_the_13th_Part_VII:_The_New_Blood
9877,Election_(1999_film)
732,The_Odd_Couple_II
12409,The_Trouble_with_Harry
7039,Twilight_(2008_film)
5535,Paper_Moon_(film)
8450,Golden_Earrings
14116,Nick_of_Time_(film)
4810,The_Dead_Zone_(film)
12004,Heaven_Can_Wait_(1978_film)
9374,Sliding_Doors
419,Vampire_in_Brooklyn
6807,Fight_Club
8049,King_Kong_(1976_film)
6167,Star_Trek_IV:_The_Voyage_Home
31,Star_Trek:_Insurrection
11551,Footloose_(1984_film)
8451,Going_My_Way
5348,The_Firm_(1993_film)
4504,Days_of_Thunder
7127,Shane_(film)
13738,Wayne's_World_(film)
2519,Jade_(film)
7806,Andre_(film)
11668,King_Creole
3907,The_Babysitter
11359,Friends_with_Benefits_(film)
298,Barbarella_(film)
4290,Holiday_Inn_(film)
12409,The_Trouble_with_Harry
3177,Death_Wish_(film)
7940,Sabrina_(1995_film)
9529,Black_Sheep_(1996_film)
7613,Hook_(film)
1964,The_Real_Blonde
10153,April_Fool's_Day_(1986_film)
8450,Golden_Earrings
5430,The_Distinguished_Gentleman
8048,Stalag_17
13892,Switchback_(film)
10421,Midnight_Run
11864,Home_for_the_Holidays_(film)
31,Star_Trek:_Insurrection
5657,Indiana_Jones_and_the_Last_Crusade
12905,The_Conformist_(film)
1663,Grease_(film)
10246,Searching_for_Bobby_Fischer
2285,Virtuosity
6324,Missing_in_Action_2:_The_Beginning
13081,Lassie_(1994_film)
10136,Puppet_Master_5:_The_Final_Chapter
5657,Indiana_Jones_and_the_Last_Crusade
858,Vertigo_(film)
11426,Meatballs_(film)
13588,True_Grit_(1969_film)
6969,Fatal_Attraction
4346,Players_(film)
11069,Varsity_Blues_(film)
14674,Ferris_Bueller's_Day_Off
1546,It_Came_from_Hollywood
3817,Trading_Places
374,%22Crocodile%22_Dundee
95,%22Crocodile%22_Dundee_II
12905,The_Conformist_(film)
12501,El_Dorado_(1966_film)
12501,El_Dorado_(1966_film)
8049,King_Kong_(1976_film)
2627,The_Lady_Eve
13063,Funeral_in_Berlin_(film)
9179,Six_of_a_Kind
7906,Star_Trek_III:_The_Search_for_Spock
419,Vampire_in_Brooklyn
4899,The_First_Wives_Club
2544,Wonder_Boys_(film)
1990,Snake_Eyes_(film)
10647,Flying_Tigers_(film)
7376,Airplane!
1546,It_Came_from_Hollywood
11748,Flesh_and_Bone_(film)
3159,Wings_(1927_film)
5773,The_Evening_Star
11086,Saving_Private_Ryan
13183,The_Brady_Bunch_Movie
1828,Ghost_(1990_film)
8451,Going_My_Way
11864,Home_for_the_Holidays_(film)
9529,Black_Sheep_(1996_film)
12889,North_Dallas_Forty
4861,A_Place_in_the_Sun_(film)
6613,The_Presidio_(film)
6863,Twin_Peaks:_Fire_Walk_with_Me
8451,Going_My_Way
7588,Drop_Zone_(film)
2451,Star_Trek:_First_Contact
3363,Grease_2
2054,"Kiss_Me,_Guido"
10098,Something_Wicked_This_Way_Comes_(film)
1982,Puppet_Master_(film)
6700,Friday_the_13th:_A_New_Beginning
6969,Fatal_Attraction
946,Double_Jeopardy_(film)
11668,King_Creole
10309,The_Ghost_and_the_Darkness
4883,The_Two_Jakes
2836,American_Graffiti
7682,Earthquake_(film)
11597,Three_Days_of_the_Condor
10358,Charlotte's_Web_(1973_film)
2627,The_Lady_Eve
291,The_War_of_the_Worlds_(1953_film)
4156,Indiana_Jones_and_the_Temple_of_Doom
13336,Forrest_Gump
14605,Friday_the_13th_(1980_film)
1021,Mission:_Impossible_(film)
9120,Sullivan's_Travels
13178,Addams_Family_Reunion
3443,Tender_Mercies
858,Vertigo_(film)
4495,Once_Upon_a_Time_in_the_West
11880,Runaway_Bride_(film)
4793,Private_Parts_(1997_film)
10045,Pretty_in_Pink
11016,The_General's_Daughter_(film)
7058,Days_of_Heaven
11093,The_Rugrats_Movie
1964,The_Real_Blonde
1455,Dead_Man_on_Campus
7025,Coneheads_(film)
12148,Nashville_(film)
7380,Chinatown_(1974_film)
4636,Firewalker_(film)
4883,The_Two_Jakes
4952,The_Blues_Brothers_(film)
3356,Soapdish
4504,Days_of_Thunder
7380,Chinatown_(1974_film)
2557,Atlantic_City_(1980_film)
12451,For_Whom_the_Bell_Tolls_(film)
767,The_Out-of-Towners_(1999_film)
10090,Friday_the_13th_Part_III
6506,Children_of_a_Lesser_God
1560,Young_Sherlock_Holmes
10029,I.Q._(film)
13665,Funny_Face
6781,A_Night_at_the_Roxbury
2285,Virtuosity
374,%22Crocodile%22_Dundee
9416,Tales_from_the_Darkside:_The_Movie
12728,Barefoot_in_the_Park_(film)
11211,Heartburn_(film)
5228,Some_Kind_of_Wonderful_(film)
13765,The_Man_Who_Knew_Too_Much_(1956_film)
12714,Flashdance
6428,The_Palm_Beach_Story
12380,FairyTale:_A_True_Story
11211,Heartburn_(film)
11098,Madame_Butterfly_(1915_film)
505,Tommy_Boy
10132,Innocents_of_Paris
10309,The_Ghost_and_the_Darkness
8775,A_Very_Brady_Sequel
6355,Patriot_Games_(film)
11449,Jimmy_Hollywood
2367,Clear_and_Present_Danger_(film)
1290,Death_Wish_II
1621,The_Postman_Always_Rings_Twice_(1981_film)
4290,Holiday_Inn_(film)
9877,Election_(1999_film)
38,The_Next_Best_Thing
12629,Mr._Smith_Goes_to_Washington
7906,Star_Trek_III:_The_Search_for_Spock
5773,The_Evening_Star
691,Star_Trek_Generations
8331,We're_No_Angels_(1989_film)
10305,Star_Trek_VI:_The_Undiscovered_Country
218,Congo_(film)
4793,Private_Parts_(1997_film)
13143,To_Catch_a_Thief
11069,Varsity_Blues_(film)
12451,For_Whom_the_Bell_Tolls_(film)
2054,"Kiss_Me,_Guido"
7380,Chinatown_(1974_film)
6006,Milk_Money_(film)
6300,The_Indian_in_the_Cupboard_(film)
8714,Harold_and_Maude
3534,A_Simple_Plan_(film)
6613,The_Presidio_(film)
2773,The_Browning_Version_(1994_film)
10090,Friday_the_13th_Part_III
4318,Eye_for_an_Eye_(1996_film)
9641,Child's_Play_2
2367,Clear_and_Present_Danger_(film)
10132,Innocents_of_Paris
14605,Friday_the_13th_(1980_film)
13673,Pet_Sematary_(film)
6174,Puppet_Master_II
14633,Scrooged
13673,Pet_Sematary_(film)
10743,Mission:_Impossible_II
13336,Forrest_Gump
1092,A_Civil_Action_(film)
1284,The_Jerk
4093,Star_Trek:_The_Motion_Picture
38,The_Next_Best_Thing
1605,'Til_There_Was_You
7058,Days_of_Heaven
14618,200_Cigarettes
9073,Thinner_(film)
3571,The_Godfather_Part_III
579,Angela's_Ashes_(film)
11903,Some_Like_It_Hot_(1939_film)
759,Rosemary's_Baby_(film)
5784,Romeo_and_Juliet_(1968_film)
11093,The_Rugrats_Movie
2557,Atlantic_City_(1980_film)
7415,A_Smile_Like_Yours
7040,Snow_Day_(film)
11903,Some_Like_It_Hot_(1939_film)
7025,Coneheads_(film)
2106,American_Gigolo
11842,Payback_(1999_film)
7350,The_Sea_Wolves
14633,Scrooged
3129,The_Naked_Gun:_From_the_Files_of_Police_Squad!
10132,Innocents_of_Paris
7786,Boomerang_(1992_film)
14695,Friday_the_13th_Part_VI:_Jason_Lives
8919,The_Hunt_for_Red_October_(film)
14116,Nick_of_Time_(film)
3732,What's_Eating_Gilbert_Grape
5941,Double_Indemnity_(film)
10286,Superstar_(1999_film)
12215,The_Talented_Mr._Ripley_(film)
9492,Metropolis_(1927_film)
5985,Children_of_the_Corn_II:_The_Final_Sacrifice
11426,Meatballs_(film)
2451,Star_Trek:_First_Contact
1092,A_Civil_Action_(film)
12859,Airplane_II:_The_Sequel
13694,Titanic_(1997_film)
13707,Extremities_(film)
5364,Breakfast_at_Tiffany's_(film)
12148,Nashville_(film)
12380,FairyTale:_A_True_Story
946,Double_Jeopardy_(film)
4290,Holiday_Inn_(film)
7291,Bringing_Up_Baby
12451,For_Whom_the_Bell_Tolls_(film)
108,Rules_of_Engagement_(film)
8639,Shaft_(2000_film)
5657,Indiana_Jones_and_the_Last_Crusade
4495,Once_Upon_a_Time_in_the_West
5298,Mommie_Dearest_(film)
7410,Friday_the_13th:_The_Final_Chapter
5364,Breakfast_at_Tiffany's_(film)
9407,Prom_Night_(1980_film)
9136,Trouble_in_Paradise_(film)
6300,The_Indian_in_the_Cupboard_(film)
10158,Bringing_Out_the_Dead
1982,Puppet_Master_(film)
10814,Serpico
3587,Harriet_the_Spy_(film)
11449,Jimmy_Hollywood
2337,Hard_Rain_(film)
2968,Alice_in_Wonderland_(1951_film)
2267,The_Beautician_and_the_Beast
13707,Extremities_(film)
733,Roustabout_(film)
6741,Beverly_Hills_Cop_III
11016,The_General's_Daughter_(film)
585,Popeye_(1980_film)
9416,Tales_from_the_Darkside:_The_Movie
5664,Reds_(film)
11880,Runaway_Bride_(film)
5085,My_Fair_Lady_(film)
11597,Three_Days_of_the_Condor
3021,Star_Trek_II:_The_Wrath_of_Khan
10305,Star_Trek_VI:_The_Undiscovered_Country
2328,The_African_Queen_(film)
7806,Andre_(film)
6549,Oliver_&_Company
6866,Clue_(film)
6781,A_Night_at_the_Roxbury
106,Duck_Soup_(1933_film)
7625,Major_League_(film)
9120,Sullivan's_Travels
11551,Footloose_(1984_film)
12037,The_Prince_of_Egypt
13143,To_Catch_a_Thief
7342,Blue_Chips
1663,Grease_(film)
9136,Trouble_in_Paradise_(film)
7380,Chinatown_(1974_film)
12004,Heaven_Can_Wait_(1978_film)
194,White_Christmas_(film)
14476,Stuart_Saves_His_Family
12005,The_Butcher's_Wife
13614,Nights_of_Cabiria
5982,Seven_Days_in_May
9179,Six_of_a_Kind
2915,Sliver_(film)
97,Kids_in_the_Hall:_Brain_Candy
10614,Friday_the_13th_Part_2
1057,Prophecy_(film)
5933,The_Truman_Show
7127,Shane_(film)
10736,The_Golden_Child
8048,Stalag_17
2367,Clear_and_Present_Danger_(film)
12245,Big_Trouble_in_Little_China
9136,Trouble_in_Paradise_(film)
6006,Milk_Money_(film)
3100,Hellraiser_III:_Hell_on_Earth
5229,Ben-Hur_(1959_film)
12950,Pet_Sematary_Two
7786,Boomerang_(1992_film)
2557,Atlantic_City_(1980_film)
194,White_Christmas_(film)
427,Marathon_Man_(film)
10736,The_Golden_Child
6741,Beverly_Hills_Cop_III
3817,Trading_Places
1621,The_Postman_Always_Rings_Twice_(1981_film)
9300,Wayne's_World_2
6969,Fatal_Attraction
8188,Jennifer_8
5535,Paper_Moon_(film)
13330,Event_Horizon_(film)
12859,Airplane_II:_The_Sequel
7376,Airplane!
7177,Primal_Fear_(film)
9073,Thinner_(film)
2915,Sliver_(film)
5298,Mommie_Dearest_(film)
4495,Once_Upon_a_Time_in_the_West
6324,Missing_in_Action_2:_The_Beginning
174,Hamlet_(1990_film)
579,Angela's_Ashes_(film)
3836,Sleepy_Hollow_(film)
7040,Snow_Day_(film)
7350,The_Sea_Wolves
5228,Some_Kind_of_Wonderful_(film)
6174,Puppet_Master_II
6428,The_Palm_Beach_Story
5364,Breakfast_at_Tiffany's_(film)
298,Barbarella_(film)
9137,The_Relic_(film)
13665,Funny_Face
3516,The_Wood
1021,Mission:_Impossible_(film)
10295,Raiders_of_the_Lost_Ark
6931,Ed_Wood_(film)
4810,The_Dead_Zone_(film)
9134,The_Lost_Weekend_(film)
10045,Pretty_in_Pink
1828,Ghost_(1990_film)
10358,Charlotte's_Web_(1973_film)
767,The_Out-of-Towners_(1999_film)
6866,Clue_(film)
10743,Mission:_Impossible_II
5664,Reds_(film)
4093,Star_Trek:_The_Motion_Picture
12950,Pet_Sematary_Two
4369,Marnie_(film)
2106,American_Gigolo
3587,Harriet_the_Spy_(film)
13738,Wayne's_World_(film)
9120,Sullivan's_Travels
2773,The_Browning_Version_(1994_film)
6687,The_Great_Moment_(1944_film)
5301,Night_Falls_on_Manhattan
4927,G.I._Blues
13733,Fun_and_Fancy_Free
6653,So_Dear_to_My_Heart
5150,The_Incredible_Journey_(film)
3441,Kidnapped_(1960_film)
11533,The_Sword_in_the_Stone_(film)
2968,Alice_in_Wonderland_(1951_film)
430,Peter_Pan_(1953_film)
430,Peter_Pan_(1953_film)
11397,Make_Mine_Music
14088,Winnie_the_Pooh_and_the_Blustery_Day
12956,The_Happiest_Millionaire
5597,Mary_Poppins_(film)
7828,Swiss_Family_Robinson_(1960_film)
12512,The_Great_Locomotive_Chase
5150,The_Incredible_Journey_(film)
1177,The_Three_Caballeros
11397,Make_Mine_Music
1177,The_Three_Caballeros
13733,Fun_and_Fancy_Free
11533,The_Sword_in_the_Stone_(film)
8440,"Davy_Crockett,_King_of_the_Wild_Frontier"
6653,So_Dear_to_My_Heart
3028,Son_of_Flubber
8440,"Davy_Crockett,_King_of_the_Wild_Frontier"
3691,Bambi
11562,Babes_in_Toyland_(1961_film)
4921,One_Hundred_and_One_Dalmatians
12956,The_Happiest_Millionaire
5597,Mary_Poppins_(film)
871,Melody_Time
5414,That_Darn_Cat!
5316,Old_Yeller_(film)
3441,Kidnapped_(1960_film)
4388,Saludos_Amigos
3028,Son_of_Flubber
4388,Saludos_Amigos
5414,That_Darn_Cat!
3691,Bambi
4545,Song_of_the_South
7828,Swiss_Family_Robinson_(1960_film)
4189,Snow_White_and_the_Seven_Dwarfs_(1937_film)
2196,Dumbo
4921,One_Hundred_and_One_Dalmatians
14088,Winnie_the_Pooh_and_the_Blustery_Day
11562,Babes_in_Toyland_(1961_film)
11879,The_Jungle_Book_(1967_film)
4220,Cinderella_(1950_film)
4189,Snow_White_and_the_Seven_Dwarfs_(1937_film)
4545,Song_of_the_South
14598,Pinocchio_(1940_film)
14598,Pinocchio_(1940_film)
11879,The_Jungle_Book_(1967_film)
871,Melody_Time
12512,The_Great_Locomotive_Chase
2196,Dumbo
4220,Cinderella_(1950_film)
2968,Alice_in_Wonderland_(1951_film)
5316,Old_Yeller_(film)
4199,High_Plains_Drifter
13141,Babe:_Pig_in_the_City
4411,For_Love_or_Money_(1993_film)
12121,Hard_Target
8037,It_Came_from_Outer_Space
7682,Earthquake_(film)
1983,The_Bone_Collector
283,The_Thing_(1982_film)
13291,Mallrats
3776,End_of_Days_(film)
5571,The_Concorde_..._Airport_'79
4670,Shadow_of_a_Doubt
10796,Rough_Night_in_Jericho_(film)
6019,Legend_(1985_film)
13289,Rollercoaster_(1977_film)
9641,Child's_Play_2
6767,Topaz_(1969_film)
7472,The_Mummy's_Tomb
14166,Reality_Bites
4708,The_American_President
10259,Coogan's_Bluff_(film)
11490,The_Nutty_Professor_(1996_film)
5278,Leave_It_to_Beaver_(film)
3379,The_Mole_People_(film)
11549,Nighthawks_(film)
12033,BASEketball
4419,To_Kill_a_Mockingbird_(film)
7482,The_Birds_(film)
579,Angela's_Ashes_(film)
14396,Bride_of_Frankenstein
6137,Cape_Fear_(1962_film)
8428,Bulletproof_(1996_film)
11070,"To_Wong_Foo,_Thanks_for_Everything!_Julie_Newmar"
10453,I_Now_Pronounce_You_Chuck_and_Larry
10750,Carlito's_Way
4188,Balto_(film)
4359,That_Old_Feeling_(film)
5633,The_Chamber_(film)
11374,House_of_Dracula
4136,Airport_(1970_film)
11433,Patch_Adams_(film)
6408,Mickey_Blue_Eyes
13540,Bowfinger
2836,American_Graffiti
9121,Demon_Knight
2966,Meet_Joe_Black
7118,Back_to_the_Future_Part_III
6397,Bustin'_Loose_(film)
11132,Madame_Sousatzka
4859,Psycho_(1998_film)
4646,Jaws_2
6099,McHale's_Navy_(1997_film)
764,U-571_(film)
12036,Dune_(film)
2517,Repo_Man_(film)
6588,The_Adventures_of_Rocky_and_Bullwinkle
12577,One_True_Thing
3740,Kull_the_Conqueror
13346,Saboteur_(film)
7969,A_Beautiful_Mind_(film)
4006,E.T._the_Extra-Terrestrial
14120,The_Getaway_(1994_film)
12587,The_Dark_Crystal
2548,Problem_Child_(film)
9291,On_Golden_Pond_(1981_film)
4354,Small_Soldiers
5905,Stop!_Or_My_Mom_Will_Shoot
12823,The_Money_Pit
61,The_Slipper_and_the_Rose
10356,The_Skulls_(film)
639,Death_Becomes_Her
6198,EDtv
6563,The_Mummy_(1932_film)
8737,Fast_Times_at_Ridgemont_High
4813,The_Frighteners
1938,House_of_Frankenstein_(1944_film)
12041,Isn't_She_Great
10282,Fear_(1996_film)
47,Junior_(1994_film)
6115,Halloween_III:_Season_of_the_Witch
10738,Parenthood_(film)
3492,The_Ghost_of_Frankenstein
3256,Somewhere_in_Time_(film)
14351,Harry_and_the_Hendersons
5808,The_Funhouse
2322,The_Mummy_(1959_film)
399,The_Flintstones_in_Viva_Rock_Vegas
12032,Primary_Colors_(film)
5497,Son_of_Frankenstein
1544,Torn_Curtain
12935,Out_of_Africa_(film)
3380,Phantasm_III:_Lord_of_the_Dead
5162,The_Allnighter_(film)
9584,The_Wolf_Man_(1941_film)
12025,Minnie_and_Moskowitz
5078,Family_Plot
9107,Virus_(1999_film)
6990,Notting_Hill_(film)
7521,Radioland_Murders
150,Dead_Men_Don't_Wear_Plaid
11989,Firestarter_(film)
892,Abbott_and_Costello_Meet_Frankenstein
650,The_War_(1994_film)
400,Private_School_(film)
5421,Street_Fighter_(1994_film)
6101,For_Love_of_the_Game_(film)
7121,Lonely_Are_the_Brave
1648,Flipper_(1996_film)
14595,Blue_Collar_(film)
7012,Frankenstein_Meets_the_Wolf_Man
4385,Animal_House
10728,Gladiator_(2000_film)
11194,Schindler's_List
11276,The_Bank_Dick
1656,Hamlet_(1948_film)
12095,Apollo_13_(film)
4753,Brazil_(1985_film)
10421,Midnight_Run
12221,Howard_the_Duck_(film)
13120,Bird_on_a_Wire_(film)
1042,Dante's_Peak
8483,The_Ipcress_File_(film)
12571,Twister_(1996_film)
13179,The_Trigger_Effect
5138,Ride_with_the_Devil_(film)
3132,The_Jackal_(1997_film)
963,The_Mummy_(1999_film)
1114,The_Great_Muppet_Caper
2520,Cool_as_Ice
1691,Nutty_Professor_II:_The_Klumps
5538,Blues_Brothers_2000
10207,Man_on_the_Moon_(film)
3697,The_Sugarland_Express
4332,Out_of_Sight_(1966_film)
10682,The_Invisible_Man_(film)
1284,The_Jerk
9882,The_River_(1984_film)
4713,Screwed_(2000_film)
8503,Casino_(film)
207,All_Quiet_on_the_Western_Front_(1930_film)
2311,Son_of_Dracula_(1943_film)
11803,Jurassic_Park_(film)
4084,The_Guardian_(1990_film)
8378,Phantasm_II
16,The_Quest_(film)
5958,Gold_Diggers:_The_Secret_of_Bear_Mountain
12648,Sixteen_Candles
1463,Dracula_(1931_English-language_film)
12689,Creature_from_the_Black_Lagoon
8323,"'night,_Mother_(film)"
5996,Bride_of_Chucky
6149,Psycho_III
2625,Dragonheart
9498,For_Richer_or_Poorer
11739,Airport_1975
5954,An_American_Tail
1483,Black_Dog_(film)
8918,Frenzy
6579,Back_to_the_Future
7542,Phantom_of_the_Opera_(1943_film)
3443,Tender_Mercies
371,The_Deer_Hunter
12874,Village_of_the_Damned_(1995_film)
9715,Clockers_(film)
5337,The_Cowboy_Way_(film)
12134,The_Hurricane_(1999_film)
3400,Jaws_3-D
14530,Child's_Play_3
13686,Erin_Brockovich_(film)
5362,Half_Baked
12475,Mask_(film)
11776,Fierce_Creatures
10361,An_American_Tail:_Fievel_Goes_West
10732,How_to_Make_an_American_Quilt
11505,Mercury_Rising
11220,American_Pie_(film)
4760,Weird_Science_(film)
7402,Do_the_Right_Thing
13785,Babe_(film)
10380,Problem_Child_2
7922,Frankenstein_(1931_film)
10881,The_Mummy's_Ghost
9268,Fletch_(film)
4369,Marnie_(film)
8127,The_Last_Temptation_of_Christ_(film)
1996,Heart_and_Souls
302,October_Sky
5909,Dudley_Do-Right_(film)
7,The_Phantom_of_the_Opera_(1925_film)
8678,A_Simple_Wish
8524,Snow_Falling_on_Cedars_(film)
13765,The_Man_Who_Knew_Too_Much_(1956_film)
878,Judgment_Night_(film)
747,Kissing_a_Fool
9173,Cape_Fear_(1991_film)
4672,Field_of_Dreams
5011,Back_to_the_Future_Part_II
5569,Waterworld
1415,Mystery_Science_Theater_3000:_The_Movie
12256,They_Might_Be_Giants_(film)
4902,Spartacus_(film)
807,Backdraft_(film)
14240,Billy_Madison
4310,Conan_the_Barbarian_(1982_film)
6283,We're_Back!_A_Dinosaur's_Story_(film)
5995,Touch_of_Evil
424,Sophie's_Choice_(film)
10139,The_Breakfast_Club
11757,Far_and_Away
12623,An_American_Werewolf_in_London
12322,Army_of_Darkness
7601,Tarantula_(film)
4952,The_Blues_Brothers_(film)
1947,Scent_of_a_Woman_(1992_film)
6084,Airport_'77
11335,Mo'_Better_Blues
12244,Pitch_Black_(film)
14097,Melvin_and_Howard
9065,Life_(1999_film)
253,Mystery_Men
13499,The_Sting
2210,Psycho_II_(film)
7073,Harvey_(film)
7612,Van_Helsing_(film)
3764,Bordello_of_Blood
388,Crooklyn
12059,Bring_It_On_(film)
449,The_'Burbs
1268,Mass_Appeal_(film)
6232,Major_Payne
11015,The_Little_Rascals_(film)
12344,Jaws_(film)
6139,The_Lost_World:_Jurassic_Park
8893,Happy_Gilmore
10117,The_Mummy's_Curse
2788,Jungle_Fever
12660,Fletch_Lives
1985,The_Benny_Goodman_Story
5205,Fear_and_Loathing_in_Las_Vegas_(film)
13131,Casper_(film)
11288,Cat_People_(1982_film)
8248,Dancing_at_Lughnasa_(film)
6225,Whatever_Works
11251,Welcome_to_the_Dollhouse
7993,All_About_My_Mother
4535,Central_Station_(film)
3815,"Faraway,_So_Close!"
4535,Central_Station_(film)
5096,The_Myth_of_Fingerprints
9574,Orlando_(film)
4633,Howards_End_(film)
8195,In_the_Company_of_Men
1988,SLC_Punk!
5096,The_Myth_of_Fingerprints
14238,Afterglow_(film)
13995,The_Third_Miracle
5010,Sweet_and_Lowdown
8248,Dancing_at_Lughnasa_(film)
11614,Waiting_for_Guffman
11614,Waiting_for_Guffman
3815,"Faraway,_So_Close!"
6078,Indochine_(film)
8178,Vanya_on_42nd_Street
5674,Men_with_Guns
14238,Afterglow_(film)
5674,Men_with_Guns
4633,Howards_End_(film)
7993,All_About_My_Mother
8726,Run_Lola_Run
12332,Tango_(1998_film)
6078,Indochine_(film)
9574,Orlando_(film)
11251,Welcome_to_the_Dollhouse
12332,Tango_(1998_film)
13995,The_Third_Miracle
5010,Sweet_and_Lowdown
7470,Broken_English_(1996_film)
8195,In_the_Company_of_Men
1988,SLC_Punk!
8040,The_General_(1998_film)
8726,Run_Lola_Run
7470,Broken_English_(1996_film)
6225,Whatever_Works
8040,The_General_(1998_film)
8178,Vanya_on_42nd_Street
7969,A_Beautiful_Mind_(film)
12097,Almost_Famous
9534,Road_Trip_(film)
10052,The_Haunting_(1999_film)
318,What_Lies_Beneath
4354,Small_Soldiers
11086,Saving_Private_Ryan
6146,Chicken_Run
9625,Paulie
8552,Deep_Impact_(film)
6991,Amistad_(film)
11509,Forces_of_Nature
10728,Gladiator_(2000_film)
14051,MouseHunt_(film)
5485,Galaxy_Quest
13776,In_Dreams_(film)
10195,Antz
14694,Small_Time_Crooks
13671,Pacific_Heights_(film)
10506,Speed_(1994_film)
2714,"A_Cool,_Dry_Place"
8526,X-Men_(film)
3287,Ever_After
11976,Red_Dawn_(2012_film)
4946,Hot_Shots!_Part_Deux
1993,Wing_Commander_(film)
8722,Titanic_(1953_film)
3765,Predator_(film)
11963,Mighty_Morphin_Power_Rangers:_The_Movie
11106,Digimon:_The_Movie
6838,Toys_(film)
1254,Jumpin'_Jack_Flash_(film)
12711,Grand_Canyon_(1991_film)
5260,Patton_(film)
5400,Soul_Food_(film)
9706,Damien:_Omen_II
5744,Chain_Reaction_(film)
12011,Romancing_the_Stone
4599,Miracle_on_34th_Street
7535,Kagemusha
3950,Halloween_4:_The_Return_of_Michael_Myers
12723,The_Day_the_Earth_Stood_Still_(2008_film)
14439,French_Connection_II
9304,How_Stella_Got_Her_Groove_Back
4020,Dead_Ringers_(film)
12389,The_Jewel_of_the_Nile
6726,Star_Wars_(film)
5744,Chain_Reaction_(film)
2212,Doctor_Dolittle_(film)
252,Far_from_Home:_The_Adventures_of_Yellow_Dog
4502,The_Morning_After_(1986_film)
3061,Down_Periscope
11561,The_X-Files_(film)
11106,Digimon:_The_Movie
5959,French_Kiss_(1995_film)
3265,Hope_Floats
7891,Porky's_Revenge!
10756,Rapture_(1965_film)
6186,Brokedown_Palace
13740,How_Green_Was_My_Valley_(film)
954,Anna_and_the_King
4821,The_Gods_Must_Be_Crazy
2119,Fantastic_Voyage
13671,Pacific_Heights_(film)
6186,Brokedown_Palace
1472,Cocoon:_The_Return
3883,The_Road_to_El_Dorado
6377,Inventing_the_Abbotts
12573,An_Affair_to_Remember
7718,The_Poseidon_Adventure_(1972_film)
10089,Titan_A.E.
11966,The_Empire_Strikes_Back
4207,Wisdom_(film)
4164,Blame_It_on_Rio
12224,Breaking_Away
4530,Cocoon_(film)
11343,One_Fine_Day_(film)
13729,Say_Anything...
4614,Gentleman's_Agreement
12614,Nine_Months
7572,Mr._Mom
5727,A_Life_Less_Ordinary
4351,Light_It_Up_(film)
5178,Buffy_the_Vampire_Slayer_(film)
9810,The_Pagemaster
11810,Kiss_of_Death_(1995_film)
13061,Die_Hard
11889,Return_of_the_Jedi
6807,Fight_Club
5754,Bushwhacked_(film)
4599,Miracle_on_34th_Street
6807,Fight_Club
3311,Anastasia_(1997_film)
4946,Hot_Shots!_Part_Deux
11561,The_X-Files_(film)
4753,Brazil_(1985_film)
561,The_Devil_Rides_Out_(film)
931,Local_Hero
318,What_Lies_Beneath
1757,Two_Girls_and_a_Guy
6799,Tora!_Tora!_Tora!
8514,Home_Alone_3
8422,Out_to_Sea
6377,Inventing_the_Abbotts
4482,The_Boy_Who_Could_Fly
11448,Young_Frankenstein
5884,Miller's_Crossing
6293,Volcano_(1997_film)
12367,Marked_for_Death
2822,Apartment_for_Peggy
7618,Dying_Young
3716,Everyone's_Hero
2714,"A_Cool,_Dry_Place"
4061,All_About_Eve
7535,Kagemusha
2031,Ravenous
3300,Working_Girl
10142,My_Cousin_Vinny
2088,Die_Hard_with_a_Vengeance
1121,Die_Hard_2
6749,Dangerous_Beauty
1254,Jumpin'_Jack_Flash_(film)
954,Anna_and_the_King
11756,Bachelor_Party_(1984_film)
649,The_Paper_Chase_(film)
7572,Mr._Mom
5815,The_Princess_Bride_(film)
11756,Bachelor_Party_(1984_film)
3061,Down_Periscope
3360,The_Beach_(film)
6799,Tora!_Tora!_Tora!
1757,Two_Girls_and_a_Guy
10092,Edward_Scissorhands
5260,Patton_(film)
13049,Lucas_(film)
10092,Edward_Scissorhands
2822,Apartment_for_Peggy
7413,Maximum_Overdrive
10097,The_Fly_(1986_film)
13293,Big_Momma's_House_2
7631,The_Boys_from_Brazil_(film)
13729,Say_Anything...
14649,Young_Guns_II
8878,Here_on_Earth_(film)
4502,The_Morning_After_(1986_film)
10876,Young_Doctors_in_Love
4351,Light_It_Up_(film)
318,What_Lies_Beneath
4207,Wisdom_(film)
561,The_Devil_Rides_Out_(film)
13967,Miracle_on_34th_Street_(1994_film)
4310,Conan_the_Barbarian_(1982_film)
4482,The_Boy_Who_Could_Fly
13049,Lucas_(film)
5620,Bulworth
1813,The_Truth_About_Cats_&_Dogs
5144,True_Lies
13694,Titanic_(1997_film)
3300,Working_Girl
4240,The_Gods_Must_Be_Crazy_II
2515,Cavalcade_(1933_film)
11258,Teenage_Mutant_Ninja_Turtles_II:_The_Secret_of_the_Ooze
2452,Raising_Arizona
2448,Tigerland
6527,Lifeboat_(film)
11448,Young_Frankenstein
9706,Damien:_Omen_II
6143,Porky's
2088,Die_Hard_with_a_Vengeance
252,Far_from_Home:_The_Adventures_of_Yellow_Dog
13835,Voyage_to_the_Bottom_of_the_Sea
12736,Drive_Me_Crazy
7236,The_Fly_II
3508,The_Fabulous_Baker_Boys
2491,Sunset_Strip_(film)
4937,Inferno_(1980_film)
12684,Broadcast_News_(film)
6650,Strange_Days_(film)
10756,Rapture_(1965_film)
9304,How_Stella_Got_Her_Groove_Back
11243,Chariots_of_Fire
4154,Highlander_(film)
12723,The_Day_the_Earth_Stood_Still_(2008_film)
5094,The_Beverly_Hillbillies_(film)
11362,Shining_Through
4164,Blame_It_on_Rio
6143,Porky's
7630,Predator_2
3364,The_Thin_Red_Line_(1998_film)
3780,The_Ghost_and_Mrs._Muir
3364,The_Thin_Red_Line_(1998_film)
12102,The_Great_White_Hype
4154,Highlander_(film)
5542,The_Flamingo_Kid
8111,Dunston_Checks_In
2401,Daddy_Long_Legs_(1931_film)
1118,Rising_Sun_(film)
8024,Simply_Irresistible_(film)
2031,Ravenous
5815,The_Princess_Bride_(film)
13694,Titanic_(1997_film)
1918,Robin_Hood:_Men_in_Tights
4614,Gentleman's_Agreement
11526,The_King_and_I_(1956_film)
5620,Bulworth
12224,Breaking_Away
3508,The_Fabulous_Baker_Boys
4745,The_Newton_Boys
2114,Anywhere_but_Here_(film)
10268,Dr._Dolittle_(film)
8479,Come_See_the_Paradise
1993,Wing_Commander_(film)
12711,Grand_Canyon_(1991_film)
10506,Speed_(1994_film)
11933,White_Men_Can't_Jump
3780,The_Ghost_and_Mrs._Muir
8790,Prizzi's_Honor
11933,White_Men_Can't_Jump
8024,Simply_Irresistible_(film)
10142,My_Cousin_Vinny
12620,Jingle_All_the_Way
4061,All_About_Eve
4735,The_Object_of_My_Affection
4745,The_Newton_Boys
11243,Chariots_of_Fire
13835,Voyage_to_the_Bottom_of_the_Sea
1375,The_Last_of_the_Mohicans_(1992_film)
13371,Picture_Perfect_(1997_film)
7236,The_Fly_II
5959,French_Kiss_(1995_film)
6637,Home_Alone_2:_Lost_in_New_York
12102,The_Great_White_Hype
4937,Inferno_(1980_film)
1803,Laura_(1944_film)
8422,Out_to_Sea
14562,Bye_Bye_Love_(film)
13293,Big_Momma's_House_2
2616,My_Bodyguard
2491,Sunset_Strip_(film)
12881,Great_Expectations_(1998_film)
11280,The_Omen
10876,Young_Doctors_in_Love
10097,The_Fly_(1986_film)
10300,Speed_2:_Cruise_Control
3265,Hope_Floats
8790,Prizzi's_Honor
7335,Alien:_Resurrection
11889,Return_of_the_Jedi
5385,National_Lampoon's_Class_Reunion
6843,Firestorm_(1998_film)
6414,Max_Dugan_Returns
7335,Alien:_Resurrection
374,%22Crocodile%22_Dundee
14562,Bye_Bye_Love_(film)
1813,The_Truth_About_Cats_&_Dogs
2212,Doctor_Dolittle_(film)
7413,Maximum_Overdrive
1582,All_That_Jazz_(film)
11238,The_Sound_of_Music_(film)
1322,The_Longest_Day_(film)
12011,Romancing_the_Stone
12573,An_Affair_to_Remember
9793,Alien_Nation_(film)
6637,Home_Alone_2:_Lost_in_New_York
12736,Drive_Me_Crazy
2748,Entrapment_(film)
10089,Titan_A.E.
8526,X-Men_(film)
13946,Office_Space
2448,Tigerland
13963,Never_Been_Kissed
2616,My_Bodyguard
9043,Planet_of_the_Apes_(1968_film)
3417,There's_Something_About_Mary
8369,That_Thing_You_Do!
1472,Cocoon:_The_Return
4404,Nell_(film)
3316,Lake_Placid_(film)
13963,Never_Been_Kissed
11313,Aliens_(film)
4310,Conan_the_Barbarian_(1982_film)
8514,Home_Alone_3
8551,The_Hustler_(film)
374,%22Crocodile%22_Dundee
6749,Dangerous_Beauty
6527,Lifeboat_(film)
6650,Strange_Days_(film)
3311,Anastasia_(1997_film)
3950,Halloween_4:_The_Return_of_Michael_Myers
11963,Mighty_Morphin_Power_Rangers:_The_Movie
5884,Miller's_Crossing
3360,The_Beach_(film)
3716,Everyone's_Hero
12616,Return_of_the_Fly
2114,Anywhere_but_Here_(film)
5727,A_Life_Less_Ordinary
4240,The_Gods_Must_Be_Crazy_II
6603,Broken_Arrow_(1996_film)
1375,The_Last_of_the_Mohicans_(1992_film)
4735,The_Object_of_My_Affection
7618,Dying_Young
11238,The_Sound_of_Music_(film)
6019,Legend_(1985_film)
3883,The_Road_to_El_Dorado
8369,That_Thing_You_Do!
5297,A_Walk_in_the_Clouds
13371,Picture_Perfect_(1997_film)
3417,There's_Something_About_Mary
11526,The_King_and_I_(1956_film)
5094,The_Beverly_Hillbillies_(film)
6019,Legend_(1985_film)
1322,The_Longest_Day_(film)
14649,Young_Guns_II
3725,The_Rocky_Horror_Picture_Show
8981,The_Towering_Inferno
13822,Love_Is_a_Many-Splendored_Thing_(film)
5297,A_Walk_in_the_Clouds
900,Alien_(film)
6603,Broken_Arrow_(1996_film)
2401,Daddy_Long_Legs_(1931_film)
2610,Turbo:_A_Power_Rangers_Movie
13967,Miracle_on_34th_Street_(1994_film)
13328,Waiting_to_Exhale
3287,Ever_After
649,The_Paper_Chase_(film)
12614,Nine_Months
11871,MASH_(film)
10300,Speed_2:_Cruise_Control
8878,Here_on_Earth_(film)
11362,Shining_Through
12620,Jingle_All_the_Way
13200,Porky's_II:_The_Next_Day
4143,Stir_of_Echoes
11976,Red_Dawn_(2012_film)
9810,The_Pagemaster
4020,Dead_Ringers_(film)
1121,Die_Hard_2
8551,The_Hustler_(film)
5400,Soul_Food_(film)
7718,The_Poseidon_Adventure_(1972_film)
14315,Kronos_(film)
6414,Max_Dugan_Returns
13740,How_Green_Was_My_Valley_(film)
6469,The_Fly_(1958_film)
2748,Entrapment_(film)
5754,Bushwhacked_(film)
14439,French_Connection_II
12616,Return_of_the_Fly
5144,True_Lies
5156,Airheads
11810,Kiss_of_Death_(1995_film)
13061,Die_Hard
6523,Where_the_Heart_Is_(2000_film)
6037,Butch_Cassidy_and_the_Sundance_Kid
3765,Predator_(film)
2048,"History_of_the_World,_Part_I"
5178,Buffy_the_Vampire_Slayer_(film)
5542,The_Flamingo_Kid
900,Alien_(film)
2119,Fantastic_Voyage
4556,Pushing_Tin
8479,Come_See_the_Paradise
6838,Toys_(film)
2515,Cavalcade_(1933_film)
12684,Broadcast_News_(film)
6469,The_Fly_(1958_film)
4821,The_Gods_Must_Be_Crazy
6843,Firestorm_(1998_film)
5156,Airheads
11871,MASH_(film)
6523,Where_the_Heart_Is_(2000_film)
12367,Marked_for_Death
12566,The_Abominable_Snowman_(film)
8111,Dunston_Checks_In
2610,Turbo:_A_Power_Rangers_Movie
12389,The_Jewel_of_the_Nile
4404,Nell_(film)
6293,Volcano_(1997_film)
11313,Aliens_(film)
3316,Lake_Placid_(film)
13891,The_Exorcist_III
2452,Raising_Arizona
13200,Porky's_II:_The_Next_Day
6037,Butch_Cassidy_and_the_Sundance_Kid
13946,Office_Space
13822,Love_Is_a_Many-Splendored_Thing_(film)
931,Local_Hero
11343,One_Fine_Day_(film)
9793,Alien_Nation_(film)
13328,Waiting_to_Exhale
7301,Mrs._Doubtfire
8722,Titanic_(1953_film)
4530,Cocoon_(film)
4143,Stir_of_Echoes
7891,Porky's_Revenge!
6726,Star_Wars_(film)
12566,The_Abominable_Snowman_(film)
9043,Planet_of_the_Apes_(1968_film)
12458,The_Effect_of_Gamma_Rays_on_Man-in-the-Moon_Marigolds_(film)
7301,Mrs._Doubtfire
3862,"Paris,_Texas_(film)"
12458,The_Effect_of_Gamma_Rays_on_Man-in-the-Moon_Marigolds_(film)
7630,Predator_2
2075,Courage_Under_Fire
13891,The_Exorcist_III
8981,The_Towering_Inferno
12881,Great_Expectations_(1998_film)
11258,Teenage_Mutant_Ninja_Turtles_II:_The_Secret_of_the_Ooze
1582,All_That_Jazz_(film)
11966,The_Empire_Strikes_Back
5385,National_Lampoon's_Class_Reunion
10268,Dr._Dolittle_(film)
1803,Laura_(1944_film)
4556,Pushing_Tin
2048,"History_of_the_World,_Part_I"
1118,Rising_Sun_(film)
3725,The_Rocky_Horror_Picture_Show
7631,The_Boys_from_Brazil_(film)
14315,Kronos_(film)
2075,Courage_Under_Fire
11280,The_Omen
4753,Brazil_(1985_film)
1918,Robin_Hood:_Men_in_Tights
3862,"Paris,_Texas_(film)"
